client_id,client_name,purchase_date,product,category,quantity,price,total
82,Клієнт 082,2024-02-27,Цемент М400,Суміші,9,148.01,1332.09
18,Клієнт 018,2024-02-22,Саморізи по металу,Кріплення,18,0.77,13.86
55,Клієнт 055,2024-01-17,Цемент М400,Суміші,3,147.42,442.26
65,Клієнт 065,2024-11-04,Цемент М400,Суміші,18,146.97,2645.46
84,Клієнт 084,2024-12-25,Гіпсокартон стельовий,Листові матеріали,14,206.44,2890.16
76,Клієнт 076,2024-05-22,Цемент М400,Суміші,6,158.21,949.26
44,Клієнт 044,2024-05-22,Пісок будівельний,Сипучі матеріали,7,76.55,535.85
44,Клієнт 044,2024-02-22,Цемент М500,Суміші,13,173.61,2256.93
109,Клієнт 109,2024-06-25,Гіпсокартон стіновий,Листові матеріали,9,257.06,2313.54
94,Клієнт 094,2024-08-23,Гіпсокартон стельовий,Листові матеріали,4,230.15,920.6
49,Клієнт 049,2024-02-10,Гіпсокартон стельовий,Листові матеріали,10,225.63,2256.3
80,Клієнт 080,2024-07-04,Гіпсокартон стіновий,Листові матеріали,7,253.36,1773.52
6,Клієнт 006,2024-12-04,Щебінь фракція 5-20,Сипучі матеріали,10,98.8,988.0
110,Клієнт 110,2024-04-29,Цемент М500,Суміші,13,178.51,2320.63
82,Клієнт 082,2024-07-05,Пісок будівельний,Сипучі матеріали,12,70.23,842.76
86,Клієнт 086,2024-05-16,Дюбель універсальний,Кріплення,3,1.25,3.75
22,Клієнт 022,2024-09-30,Дюбель універсальний,Кріплення,8,1.17,9.36
49,Клієнт 049,2024-05-18,Саморізи по металу,Кріплення,18,0.79,14.22
42,Клієнт 042,2024-01-29,Щебінь фракція 5-20,Сипучі матеріали,2,96.37,192.74
52,Клієнт 052,2024-05-17,Цемент М500,Суміші,7,195.65,1369.55
73,Клієнт 073,2024-06-10,Щебінь фракція 5-20,Сипучі матеріали,16,90.84,1453.44
118,Клієнт 118,2024-11-25,Фарба фасадна силіконова,Фарби,5,1088.71,5443.55
32,Клієнт 032,2024-10-14,Гіпсокартон стельовий,Листові матеріали,9,223.03,2007.27
55,Клієнт 055,2024-10-25,Фарба акрилова інтерʼєрна,Фарби,12,835.46,10025.52
18,Клієнт 018,2024-09-17,Фарба фасадна силіконова,Фарби,3,1169.7,3509.1
111,Клієнт 111,2024-02-26,Пісок будівельний,Сипучі матеріали,6,74.82,448.92
55,Клієнт 055,2024-11-01,Цемент М500,Суміші,13,181.3,2356.9
60,Клієнт 060,2024-09-27,Цегла керамічна,Кладочні матеріали,18,12.95,233.1
2,Клієнт 002,2024-12-14,Дюбель універсальний,Кріплення,4,1.26,5.04
69,Клієнт 069,2024-05-16,Саморізи по металу,Кріплення,11,0.77,8.47
56,Клієнт 056,2024-03-21,Фарба фасадна силіконова,Фарби,1,1202.38,1202.38
113,Клієнт 113,2024-05-14,Гіпсокартон стельовий,Листові матеріали,6,215.49,1292.94
14,Клієнт 014,2024-11-16,Цегла керамічна,Кладочні матеріали,17,12.5,212.5
20,Клієнт 020,2024-07-10,Пісок будівельний,Сипучі матеріали,18,76.51,1377.18
119,Клієнт 119,2024-09-28,Цемент М400,Суміші,20,149.79,2995.8
3,Клієнт 003,2024-02-27,Блок газобетонний,Кладочні матеріали,10,93.66,936.6
31,Клієнт 031,2024-10-17,Цемент М500,Суміші,3,190.76,572.28
105,Клієнт 105,2024-02-05,Гіпсокартон стельовий,Листові матеріали,5,203.54,1017.7
61,Клієнт 061,2024-10-08,Пісок будівельний,Сипучі матеріали,9,72.04,648.36
78,Клієнт 078,2024-08-04,Щебінь фракція 5-20,Сипучі матеріали,18,95.7,1722.6
89,Клієнт 089,2024-04-12,Дюбель універсальний,Кріплення,10,1.21,12.1
86,Клієнт 086,2024-11-28,Блок газобетонний,Кладочні матеріали,15,103.07,1546.05
58,Клієнт 058,2024-03-02,Щебінь фракція 5-20,Сипучі матеріали,8,86.36,690.88
3,Клієнт 003,2024-10-28,Гіпсокартон стельовий,Листові матеріали,8,218.04,1744.32
1,Клієнт 001,2024-02-06,Дюбель універсальний,Кріплення,2,1.18,2.36
116,Клієнт 116,2024-01-17,Блок газобетонний,Кладочні матеріали,3,97.58,292.74
36,Клієнт 036,2024-12-08,Фарба фасадна силіконова,Фарби,7,1133.97,7937.79
93,Клієнт 093,2024-10-19,Гіпсокартон стіновий,Листові матеріали,16,236.75,3788.0
61,Клієнт 061,2024-07-27,Щебінь фракція 5-20,Сипучі матеріали,4,86.81,347.24
56,Клієнт 056,2024-06-30,Фарба акрилова інтерʼєрна,Фарби,14,867.05,12138.7
94,Клієнт 094,2024-01-28,Саморізи по металу,Кріплення,4,0.77,3.08
94,Клієнт 094,2024-06-22,Цемент М500,Суміші,8,176.17,1409.36
69,Клієнт 069,2024-08-17,Пісок будівельний,Сипучі матеріали,14,68.43,958.02
60,Клієнт 060,2024-05-07,Цемент М500,Суміші,15,192.82,2892.3
110,Клієнт 110,2024-10-08,Цемент М500,Суміші,2,188.61,377.22
70,Клієнт 070,2024-01-08,Цемент М500,Суміші,8,175.49,1403.92
63,Клієнт 063,2024-09-03,Щебінь фракція 5-20,Сипучі матеріали,13,97.68,1269.84
22,Клієнт 022,2024-07-13,Цемент М400,Суміші,13,148.47,1930.11
101,Клієнт 101,2024-08-20,Цегла керамічна,Кладочні матеріали,14,12.65,177.1
94,Клієнт 094,2024-10-11,Саморізи по металу,Кріплення,16,0.78,12.48
38,Клієнт 038,2024-04-21,Цемент М400,Суміші,19,159.05,3021.95
8,Клієнт 008,2024-06-09,Цемент М400,Суміші,2,155.64,311.28
65,Клієнт 065,2024-09-28,Пісок будівельний,Сипучі матеріали,2,76.59,153.18
11,Клієнт 011,2024-04-05,Цемент М500,Суміші,20,172.83,3456.6
111,Клієнт 111,2024-04-30,Фарба акрилова інтерʼєрна,Фарби,4,927.55,3710.2
73,Клієнт 073,2024-05-06,Гіпсокартон стіновий,Листові матеріали,20,229.43,4588.6
11,Клієнт 011,2024-08-02,Саморізи по металу,Кріплення,19,0.83,15.77
41,Клієнт 041,2024-05-13,Щебінь фракція 5-20,Сипучі матеріали,11,88.72,975.92
51,Клієнт 051,2024-03-08,Саморізи по металу,Кріплення,10,0.81,8.1
119,Клієнт 119,2024-02-07,Цемент М400,Суміші,15,156.48,2347.2
73,Клієнт 073,2024-02-21,Цемент М500,Суміші,18,176.76,3181.68
34,Клієнт 034,2024-03-08,Блок газобетонний,Кладочні матеріали,3,102.78,308.34
48,Клієнт 048,2024-05-25,Пісок будівельний,Сипучі матеріали,15,75.25,1128.75
91,Клієнт 091,2024-06-03,Гіпсокартон стіновий,Листові матеріали,17,228.28,3880.76
105,Клієнт 105,2024-10-10,Цегла керамічна,Кладочні матеріали,4,13.09,52.36
18,Клієнт 018,2024-05-15,Цемент М500,Суміші,4,191.05,764.2
20,Клієнт 020,2024-05-19,Цегла керамічна,Кладочні матеріали,20,11.78,235.6
44,Клієнт 044,2024-04-14,Саморізи по металу,Кріплення,9,0.82,7.38
33,Клієнт 033,2024-01-27,Цемент М500,Суміші,14,193.39,2707.46
6,Клієнт 006,2024-01-02,Блок газобетонний,Кладочні матеріали,5,99.33,496.65
34,Клієнт 034,2024-03-23,Дюбель універсальний,Кріплення,15,1.24,18.6
55,Клієнт 055,2024-10-14,Цемент М400,Суміші,4,144.19,576.76
114,Клієнт 114,2024-12-19,Пісок будівельний,Сипучі матеріали,18,66.88,1203.84
48,Клієнт 048,2024-10-25,Гіпсокартон стельовий,Листові матеріали,5,213.04,1065.2
6,Клієнт 006,2024-06-06,Блок газобетонний,Кладочні матеріали,2,103.06,206.12
27,Клієнт 027,2024-12-15,Щебінь фракція 5-20,Сипучі матеріали,4,90.27,361.08
72,Клієнт 072,2024-07-27,Гіпсокартон стіновий,Листові матеріали,5,261.33,1306.65
31,Клієнт 031,2024-03-24,Пісок будівельний,Сипучі матеріали,14,66.76,934.64
95,Клієнт 095,2024-06-19,Фарба акрилова інтерʼєрна,Фарби,8,841.52,6732.16
101,Клієнт 101,2024-12-25,Цемент М500,Суміші,13,194.55,2529.15
110,Клієнт 110,2024-08-28,Щебінь фракція 5-20,Сипучі матеріали,7,96.52,675.64
59,Клієнт 059,2024-06-28,Цегла керамічна,Кладочні матеріали,8,11.8,94.4
85,Клієнт 085,2024-04-08,Фарба акрилова інтерʼєрна,Фарби,11,843.02,9273.22
9,Клієнт 009,2024-05-22,Блок газобетонний,Кладочні матеріали,17,95.95,1631.15
108,Клієнт 108,2024-10-01,Блок газобетонний,Кладочні матеріали,1,91.89,91.89
34,Клієнт 034,2024-04-01,Гіпсокартон стіновий,Листові матеріали,9,229.38,2064.42
77,Клієнт 077,2024-08-10,Блок газобетонний,Кладочні матеріали,11,96.47,1061.17
66,Клієнт 066,2024-02-29,Фарба акрилова інтерʼєрна,Фарби,19,831.74,15803.06
6,Клієнт 006,2024-12-28,Фарба акрилова інтерʼєрна,Фарби,1,873.79,873.79
104,Клієнт 104,2024-10-02,Саморізи по металу,Кріплення,7,0.8,5.6
9,Клієнт 009,2024-12-06,Блок газобетонний,Кладочні матеріали,20,94.72,1894.4
109,Клієнт 109,2024-03-04,Дюбель універсальний,Кріплення,10,1.23,12.3
86,Клієнт 086,2024-07-28,Блок газобетонний,Кладочні матеріали,13,100.19,1302.47
71,Клієнт 071,2024-03-06,Щебінь фракція 5-20,Сипучі матеріали,14,94.48,1322.72
49,Клієнт 049,2024-12-12,Дюбель універсальний,Кріплення,6,1.25,7.5
39,Клієнт 039,2024-07-26,Гіпсокартон стельовий,Листові матеріали,1,209.07,209.07
27,Клієнт 027,2024-08-08,Гіпсокартон стіновий,Листові матеріали,20,251.57,5031.4
60,Клієнт 060,2024-08-14,Фарба фасадна силіконова,Фарби,7,1129.34,7905.38
102,Клієнт 102,2024-03-27,Саморізи по металу,Кріплення,3,0.79,2.37
85,Клієнт 085,2024-11-20,Гіпсокартон стіновий,Листові матеріали,11,231.36,2544.96
97,Клієнт 097,2024-04-30,Саморізи по металу,Кріплення,10,0.79,7.9
26,Клієнт 026,2024-03-16,Цемент М400,Суміші,2,148.01,296.02
61,Клієнт 061,2024-11-08,Цемент М500,Суміші,15,182.19,2732.85
81,Клієнт 081,2024-10-21,Щебінь фракція 5-20,Сипучі матеріали,13,92.17,1198.21
32,Клієнт 032,2024-03-16,Саморізи по металу,Кріплення,1,0.87,0.87
111,Клієнт 111,2024-02-24,Фарба акрилова інтерʼєрна,Фарби,8,829.93,6639.44
90,Клієнт 090,2024-09-22,Фарба фасадна силіконова,Фарби,2,1136.97,2273.94
118,Клієнт 118,2024-03-03,Фарба фасадна силіконова,Фарби,5,1177.23,5886.15
86,Клієнт 086,2024-09-28,Гіпсокартон стельовий,Листові матеріали,20,209.49,4189.8
97,Клієнт 097,2024-08-14,Гіпсокартон стіновий,Листові матеріали,17,243.36,4137.12
117,Клієнт 117,2024-10-07,Фарба фасадна силіконова,Фарби,6,1167.7,7006.2
61,Клієнт 061,2024-08-18,Цегла керамічна,Кладочні матеріали,8,12.91,103.28
36,Клієнт 036,2024-09-23,Фарба фасадна силіконова,Фарби,8,1090.31,8722.48
10,Клієнт 010,2024-12-31,Цегла керамічна,Кладочні матеріали,8,11.89,95.12
41,Клієнт 041,2024-10-03,Цемент М500,Суміші,5,175.07,875.35
50,Клієнт 050,2024-12-21,Пісок будівельний,Сипучі матеріали,7,67.17,470.19
53,Клієнт 053,2024-06-18,Гіпсокартон стельовий,Листові матеріали,15,212.6,3189.0
27,Клієнт 027,2024-08-03,Фарба акрилова інтерʼєрна,Фарби,19,928.12,17634.28
3,Клієнт 003,2024-10-21,Фарба акрилова інтерʼєрна,Фарби,16,808.25,12932.0
46,Клієнт 046,2024-06-01,Фарба акрилова інтерʼєрна,Фарби,14,876.12,12265.68
95,Клієнт 095,2024-10-06,Гіпсокартон стіновий,Листові матеріали,8,245.58,1964.64
35,Клієнт 035,2024-08-11,Фарба фасадна силіконова,Фарби,1,1109.16,1109.16
86,Клієнт 086,2024-12-13,Фарба акрилова інтерʼєрна,Фарби,6,914.66,5487.96
118,Клієнт 118,2024-03-06,Гіпсокартон стіновий,Листові матеріали,18,228.97,4121.46
51,Клієнт 051,2024-10-30,Гіпсокартон стіновий,Листові матеріали,1,231.02,231.02
55,Клієнт 055,2024-03-10,Фарба фасадна силіконова,Фарби,6,1053.3,6319.8
49,Клієнт 049,2024-06-16,Щебінь фракція 5-20,Сипучі матеріали,15,89.91,1348.65
98,Клієнт 098,2024-07-13,Цегла керамічна,Кладочні матеріали,14,11.85,165.9
11,Клієнт 011,2024-08-28,Цемент М400,Суміші,18,143.67,2586.06
45,Клієнт 045,2024-04-24,Саморізи по металу,Кріплення,3,0.85,2.55
84,Клієнт 084,2024-01-21,Цемент М400,Суміші,8,146.99,1175.92
3,Клієнт 003,2024-11-14,Пісок будівельний,Сипучі матеріали,8,67.83,542.64
86,Клієнт 086,2024-02-28,Гіпсокартон стіновий,Листові матеріали,7,244.74,1713.18
33,Клієнт 033,2024-07-07,Пісок будівельний,Сипучі матеріали,20,72.88,1457.6
96,Клієнт 096,2024-02-28,Пісок будівельний,Сипучі матеріали,10,67.64,676.4
4,Клієнт 004,2024-06-08,Гіпсокартон стіновий,Листові матеріали,13,242.28,3149.64
92,Клієнт 092,2024-04-11,Цемент М500,Суміші,19,189.65,3603.35
81,Клієнт 081,2024-05-04,Цемент М500,Суміші,10,193.96,1939.6
77,Клієнт 077,2024-03-02,Гіпсокартон стіновий,Листові матеріали,2,240.5,481.0
55,Клієнт 055,2024-12-04,Блок газобетонний,Кладочні матеріали,3,97.46,292.38
44,Клієнт 044,2024-01-07,Фарба акрилова інтерʼєрна,Фарби,16,820.96,13135.36
47,Клієнт 047,2024-11-21,Фарба фасадна силіконова,Фарби,5,1116.86,5584.3
94,Клієнт 094,2024-09-24,Саморізи по металу,Кріплення,9,0.83,7.47
118,Клієнт 118,2024-10-02,Фарба фасадна силіконова,Фарби,15,1116.87,16753.05
94,Клієнт 094,2024-10-30,Цегла керамічна,Кладочні матеріали,11,12.93,142.23
107,Клієнт 107,2024-02-14,Цегла керамічна,Кладочні матеріали,15,11.84,177.6
60,Клієнт 060,2024-10-18,Гіпсокартон стіновий,Листові матеріали,13,240.11,3121.43
64,Клієнт 064,2024-06-15,Пісок будівельний,Сипучі матеріали,16,68.73,1099.68
103,Клієнт 103,2024-05-12,Блок газобетонний,Кладочні матеріали,9,102.79,925.11
90,Клієнт 090,2024-05-21,Гіпсокартон стельовий,Листові матеріали,1,215.77,215.77
25,Клієнт 025,2024-02-13,Щебінь фракція 5-20,Сипучі матеріали,14,92.1,1289.4
98,Клієнт 098,2024-05-03,Дюбель універсальний,Кріплення,16,1.26,20.16
63,Клієнт 063,2024-08-17,Цемент М400,Суміші,3,149.12,447.36
52,Клієнт 052,2024-12-20,Щебінь фракція 5-20,Сипучі матеріали,10,94.46,944.6
48,Клієнт 048,2024-08-30,Гіпсокартон стельовий,Листові матеріали,17,210.33,3575.61
96,Клієнт 096,2024-10-08,Блок газобетонний,Кладочні матеріали,12,100.27,1203.24
35,Клієнт 035,2024-06-05,Цегла керамічна,Кладочні матеріали,8,11.62,92.96
25,Клієнт 025,2024-06-10,Цемент М500,Суміші,18,196.67,3540.06
89,Клієнт 089,2024-04-04,Щебінь фракція 5-20,Сипучі матеріали,7,95.47,668.29
36,Клієнт 036,2024-10-28,Гіпсокартон стельовий,Листові матеріали,20,208.41,4168.2
13,Клієнт 013,2024-04-09,Цегла керамічна,Кладочні матеріали,8,12.05,96.4
39,Клієнт 039,2024-01-08,Дюбель універсальний,Кріплення,18,1.16,20.88
6,Клієнт 006,2024-01-28,Гіпсокартон стельовий,Листові матеріали,10,221.47,2214.7
17,Клієнт 017,2024-11-22,Фарба фасадна силіконова,Фарби,4,1189.0,4756.0
74,Клієнт 074,2024-05-25,Фарба фасадна силіконова,Фарби,16,1117.68,17882.88
24,Клієнт 024,2024-01-27,Цегла керамічна,Кладочні матеріали,16,11.61,185.76
9,Клієнт 009,2024-07-24,Фарба фасадна силіконова,Фарби,3,1140.21,3420.63
88,Клієнт 088,2024-01-28,Пісок будівельний,Сипучі матеріали,5,75.02,375.1
39,Клієнт 039,2024-02-13,Щебінь фракція 5-20,Сипучі матеріали,4,93.03,372.12
54,Клієнт 054,2024-11-06,Гіпсокартон стіновий,Листові матеріали,20,236.12,4722.4
67,Клієнт 067,2024-07-13,Фарба фасадна силіконова,Фарби,15,1094.06,16410.9
76,Клієнт 076,2024-08-07,Цегла керамічна,Кладочні матеріали,19,12.52,237.88
79,Клієнт 079,2024-02-20,Щебінь фракція 5-20,Сипучі матеріали,7,89.07,623.49
11,Клієнт 011,2024-03-21,Щебінь фракція 5-20,Сипучі матеріали,6,92.95,557.7
21,Клієнт 021,2024-01-02,Фарба акрилова інтерʼєрна,Фарби,15,895.39,13430.85
61,Клієнт 061,2024-05-29,Цемент М400,Суміші,8,148.98,1191.84
37,Клієнт 037,2024-12-25,Фарба фасадна силіконова,Фарби,3,1158.42,3475.26
119,Клієнт 119,2024-05-15,Саморізи по металу,Кріплення,19,0.84,15.96
120,Клієнт 120,2024-04-11,Фарба акрилова інтерʼєрна,Фарби,4,876.93,3507.72
83,Клієнт 083,2024-03-17,Цегла керамічна,Кладочні матеріали,5,11.53,57.65
22,Клієнт 022,2024-06-06,Гіпсокартон стіновий,Листові матеріали,19,261.16,4962.04
57,Клієнт 057,2024-03-04,Фарба фасадна силіконова,Фарби,10,1160.46,11604.6
35,Клієнт 035,2024-09-13,Гіпсокартон стельовий,Листові матеріали,16,213.29,3412.64
77,Клієнт 077,2024-01-21,Фарба акрилова інтерʼєрна,Фарби,11,884.47,9729.17
4,Клієнт 004,2024-02-16,Щебінь фракція 5-20,Сипучі матеріали,19,93.43,1775.17
3,Клієнт 003,2024-12-10,Цегла керамічна,Кладочні матеріали,19,11.47,217.93
97,Клієнт 097,2024-03-30,Фарба фасадна силіконова,Фарби,17,1152.5,19592.5
118,Клієнт 118,2024-05-22,Пісок будівельний,Сипучі матеріали,19,71.08,1350.52
105,Клієнт 105,2024-09-08,Цемент М500,Суміші,16,180.39,2886.24
43,Клієнт 043,2024-06-13,Саморізи по металу,Кріплення,4,0.86,3.44
43,Клієнт 043,2024-07-29,Дюбель універсальний,Кріплення,16,1.19,19.04
52,Клієнт 052,2024-10-08,Цемент М400,Суміші,15,144.48,2167.2
33,Клієнт 033,2024-06-14,Цемент М500,Суміші,13,194.35,2526.55
106,Клієнт 106,2024-01-01,Саморізи по металу,Кріплення,18,0.82,14.76
7,Клієнт 007,2024-04-06,Гіпсокартон стельовий,Листові матеріали,12,219.11,2629.32
64,Клієнт 064,2024-11-16,Фарба фасадна силіконова,Фарби,2,1078.59,2157.18
71,Клієнт 071,2024-03-08,Цегла керамічна,Кладочні матеріали,15,12.99,194.85
63,Клієнт 063,2024-03-03,Цемент М400,Суміші,20,160.48,3209.6
91,Клієнт 091,2024-03-22,Цегла керамічна,Кладочні матеріали,18,11.42,205.56
53,Клієнт 053,2024-02-17,Щебінь фракція 5-20,Сипучі матеріали,4,91.73,366.92
16,Клієнт 016,2024-11-27,Пісок будівельний,Сипучі матеріали,16,76.29,1220.64
38,Клієнт 038,2024-09-17,Дюбель універсальний,Кріплення,9,1.21,10.89
62,Клієнт 062,2024-08-29,Щебінь фракція 5-20,Сипучі матеріали,15,92.94,1394.1
50,Клієнт 050,2024-04-07,Гіпсокартон стіновий,Листові матеріали,17,254.87,4332.79
18,Клієнт 018,2024-02-05,Цегла керамічна,Кладочні матеріали,14,12.01,168.14
101,Клієнт 101,2024-09-16,Цегла керамічна,Кладочні матеріали,1,11.91,11.91
39,Клієнт 039,2024-10-27,Гіпсокартон стіновий,Листові матеріали,16,259.15,4146.4
58,Клієнт 058,2024-10-02,Фарба фасадна силіконова,Фарби,12,1099.85,13198.2
98,Клієнт 098,2024-10-05,Фарба акрилова інтерʼєрна,Фарби,15,926.44,13896.6
112,Клієнт 112,2024-04-06,Дюбель універсальний,Кріплення,8,1.24,9.92
30,Клієнт 030,2024-07-29,Цемент М400,Суміші,11,159.26,1751.86
91,Клієнт 091,2024-07-14,Фарба акрилова інтерʼєрна,Фарби,5,870.65,4353.25
5,Клієнт 005,2024-03-05,Гіпсокартон стельовий,Листові матеріали,19,209.96,3989.24
13,Клієнт 013,2024-08-13,Цемент М500,Суміші,17,195.58,3324.86
2,Клієнт 002,2024-03-14,Фарба акрилова інтерʼєрна,Фарби,5,817.04,4085.2
101,Клієнт 101,2024-05-15,Блок газобетонний,Кладочні матеріали,20,100.12,2002.4
84,Клієнт 084,2024-02-11,Блок газобетонний,Кладочні матеріали,18,95.67,1722.06
41,Клієнт 041,2024-11-16,Дюбель універсальний,Кріплення,16,1.3,20.8
5,Клієнт 005,2024-11-12,Цемент М500,Суміші,8,188.04,1504.32
118,Клієнт 118,2024-05-27,Щебінь фракція 5-20,Сипучі матеріали,3,91.36,274.08
13,Клієнт 013,2024-11-20,Дюбель універсальний,Кріплення,4,1.22,4.88
89,Клієнт 089,2024-06-02,Цемент М400,Суміші,2,149.8,299.6
8,Клієнт 008,2024-05-30,Блок газобетонний,Кладочні матеріали,12,96.39,1156.68
32,Клієнт 032,2024-09-28,Фарба акрилова інтерʼєрна,Фарби,19,894.43,16994.17
24,Клієнт 024,2024-03-28,Пісок будівельний,Сипучі матеріали,3,72.9,218.7
49,Клієнт 049,2024-11-13,Саморізи по металу,Кріплення,8,0.82,6.56
75,Клієнт 075,2024-03-14,Щебінь фракція 5-20,Сипучі матеріали,15,94.11,1411.65
59,Клієнт 059,2024-05-10,Саморізи по металу,Кріплення,1,0.87,0.87
60,Клієнт 060,2024-05-27,Саморізи по металу,Кріплення,18,0.78,14.04
57,Клієнт 057,2024-06-25,Гіпсокартон стіновий,Листові матеріали,10,251.0,2510.0
55,Клієнт 055,2024-12-19,Цегла керамічна,Кладочні матеріали,15,12.92,193.8
26,Клієнт 026,2024-07-15,Фарба фасадна силіконова,Фарби,4,1084.14,4336.56
74,Клієнт 074,2024-07-02,Гіпсокартон стіновий,Листові матеріали,10,263.74,2637.4
38,Клієнт 038,2024-01-12,Саморізи по металу,Кріплення,13,0.79,10.27
73,Клієнт 073,2024-12-17,Дюбель універсальний,Кріплення,2,1.3,2.6
96,Клієнт 096,2024-09-11,Цегла керамічна,Кладочні матеріали,8,12.49,99.92
46,Клієнт 046,2024-04-22,Саморізи по металу,Кріплення,7,0.83,5.81
87,Клієнт 087,2024-12-03,Саморізи по металу,Кріплення,5,0.84,4.2
116,Клієнт 116,2024-11-17,Саморізи по металу,Кріплення,2,0.8,1.6
57,Клієнт 057,2024-01-18,Гіпсокартон стіновий,Листові матеріали,12,254.36,3052.32
12,Клієнт 012,2024-05-31,Блок газобетонний,Кладочні матеріали,14,92.75,1298.5
17,Клієнт 017,2024-10-03,Блок газобетонний,Кладочні матеріали,17,97.4,1655.8
35,Клієнт 035,2024-03-25,Цегла керамічна,Кладочні матеріали,16,13.14,210.24
38,Клієнт 038,2024-06-22,Цемент М500,Суміші,15,197.0,2955.0
19,Клієнт 019,2024-04-25,Саморізи по металу,Кріплення,13,0.88,11.44
103,Клієнт 103,2024-10-12,Блок газобетонний,Кладочні матеріали,3,101.52,304.56
2,Клієнт 002,2024-05-15,Гіпсокартон стельовий,Листові матеріали,4,213.83,855.32
87,Клієнт 087,2024-12-10,Цегла керамічна,Кладочні матеріали,19,12.09,229.71
82,Клієнт 082,2024-07-09,Цемент М500,Суміші,8,183.73,1469.84
80,Клієнт 080,2024-10-14,Блок газобетонний,Кладочні матеріали,20,93.4,1868.0
9,Клієнт 009,2024-11-21,Фарба фасадна силіконова,Фарби,10,1152.12,11521.2
15,Клієнт 015,2024-03-12,Цемент М400,Суміші,2,149.35,298.7
64,Клієнт 064,2024-02-29,Цемент М500,Суміші,8,194.96,1559.68
18,Клієнт 018,2024-07-17,Фарба фасадна силіконова,Фарби,12,1155.63,13867.56
96,Клієнт 096,2024-12-22,Гіпсокартон стельовий,Листові матеріали,14,218.0,3052.0
94,Клієнт 094,2024-03-20,Фарба акрилова інтерʼєрна,Фарби,4,913.8,3655.2
79,Клієнт 079,2024-07-27,Цегла керамічна,Кладочні матеріали,2,12.64,25.28
28,Клієнт 028,2024-08-15,Фарба фасадна силіконова,Фарби,8,1186.15,9489.2
13,Клієнт 013,2024-12-17,Блок газобетонний,Кладочні матеріали,18,103.1,1855.8
83,Клієнт 083,2024-07-02,Цемент М400,Суміші,13,148.71,1933.23
16,Клієнт 016,2024-08-20,Цемент М500,Суміші,7,188.33,1318.31
77,Клієнт 077,2024-01-11,Цемент М400,Суміші,11,147.98,1627.78
17,Клієнт 017,2024-10-16,Щебінь фракція 5-20,Сипучі матеріали,3,96.7,290.1
71,Клієнт 071,2024-04-16,Гіпсокартон стіновий,Листові матеріали,7,257.27,1800.89
30,Клієнт 030,2024-06-17,Пісок будівельний,Сипучі матеріали,20,66.53,1330.6
110,Клієнт 110,2024-03-15,Пісок будівельний,Сипучі матеріали,18,69.13,1244.34
23,Клієнт 023,2024-02-26,Саморізи по металу,Кріплення,1,0.78,0.78
46,Клієнт 046,2024-05-01,Гіпсокартон стіновий,Листові матеріали,11,228.57,2514.27
34,Клієнт 034,2024-01-27,Пісок будівельний,Сипучі матеріали,14,72.02,1008.28
96,Клієнт 096,2024-02-02,Фарба фасадна силіконова,Фарби,15,1173.37,17600.55
66,Клієнт 066,2024-10-30,Цемент М500,Суміші,15,184.6,2769.0
79,Клієнт 079,2024-01-23,Дюбель універсальний,Кріплення,17,1.19,20.23
83,Клієнт 083,2024-01-16,Цемент М400,Суміші,16,161.56,2584.96
55,Клієнт 055,2024-12-17,Цемент М500,Суміші,16,190.23,3043.68
57,Клієнт 057,2024-02-07,Цемент М500,Суміші,11,187.42,2061.62
9,Клієнт 009,2024-03-05,Цегла керамічна,Кладочні матеріали,20,12.54,250.8
71,Клієнт 071,2024-12-30,Блок газобетонний,Кладочні матеріали,13,104.42,1357.46
68,Клієнт 068,2024-05-30,Фарба фасадна силіконова,Фарби,17,1144.9,19463.3
13,Клієнт 013,2024-12-25,Цемент М500,Суміші,18,190.46,3428.28
28,Клієнт 028,2024-08-08,Фарба фасадна силіконова,Фарби,8,1113.28,8906.24
106,Клієнт 106,2024-08-20,Фарба акрилова інтерʼєрна,Фарби,14,900.53,12607.42
41,Клієнт 041,2024-08-06,Блок газобетонний,Кладочні матеріали,9,95.58,860.22
20,Клієнт 020,2024-12-17,Фарба фасадна силіконова,Фарби,3,1060.05,3180.15
11,Клієнт 011,2024-02-17,Фарба акрилова інтерʼєрна,Фарби,4,902.44,3609.76
48,Клієнт 048,2024-03-07,Гіпсокартон стельовий,Листові матеріали,2,217.97,435.94
72,Клієнт 072,2024-10-14,Блок газобетонний,Кладочні матеріали,4,96.1,384.4
112,Клієнт 112,2024-12-06,Фарба акрилова інтерʼєрна,Фарби,2,930.97,1861.94
77,Клієнт 077,2024-06-08,Блок газобетонний,Кладочні матеріали,4,98.49,393.96
28,Клієнт 028,2024-03-20,Саморізи по металу,Кріплення,16,0.79,12.64
14,Клієнт 014,2024-06-28,Гіпсокартон стельовий,Листові матеріали,12,203.12,2437.44
36,Клієнт 036,2024-10-20,Щебінь фракція 5-20,Сипучі матеріали,14,96.91,1356.74
99,Клієнт 099,2024-11-14,Гіпсокартон стіновий,Листові матеріали,18,228.95,4121.1
119,Клієнт 119,2024-12-02,Дюбель універсальний,Кріплення,9,1.15,10.35
35,Клієнт 035,2024-12-25,Цегла керамічна,Кладочні матеріали,11,12.03,132.33
24,Клієнт 024,2024-03-14,Гіпсокартон стіновий,Листові матеріали,13,230.51,2996.63
95,Клієнт 095,2024-11-20,Цемент М400,Суміші,3,159.29,477.87
28,Клієнт 028,2024-07-11,Фарба акрилова інтерʼєрна,Фарби,15,850.96,12764.4
48,Клієнт 048,2024-06-08,Дюбель універсальний,Кріплення,11,1.28,14.08
73,Клієнт 073,2024-11-01,Цемент М500,Суміші,2,175.2,350.4
97,Клієнт 097,2024-11-12,Цемент М400,Суміші,3,148.62,445.86
85,Клієнт 085,2024-08-05,Фарба фасадна силіконова,Фарби,20,1117.94,22358.8
35,Клієнт 035,2024-04-20,Гіпсокартон стельовий,Листові матеріали,4,210.37,841.48
15,Клієнт 015,2024-05-25,Саморізи по металу,Кріплення,19,0.82,15.58
86,Клієнт 086,2024-06-06,Цемент М400,Суміші,8,151.39,1211.12
77,Клієнт 077,2024-01-29,Цемент М400,Суміші,7,149.28,1044.96
28,Клієнт 028,2024-03-11,Цегла керамічна,Кладочні матеріали,10,11.99,119.9
1,Клієнт 001,2024-09-11,Дюбель універсальний,Кріплення,14,1.17,16.38
49,Клієнт 049,2024-09-29,Дюбель універсальний,Кріплення,8,1.23,9.84
107,Клієнт 107,2024-12-08,Блок газобетонний,Кладочні матеріали,3,95.91,287.73
95,Клієнт 095,2024-01-22,Фарба акрилова інтерʼєрна,Фарби,1,866.12,866.12
10,Клієнт 010,2024-06-09,Гіпсокартон стіновий,Листові матеріали,14,248.64,3480.96
91,Клієнт 091,2024-11-23,Фарба акрилова інтерʼєрна,Фарби,10,822.18,8221.8
3,Клієнт 003,2024-06-15,Пісок будівельний,Сипучі матеріали,20,71.33,1426.6
89,Клієнт 089,2024-07-04,Цемент М500,Суміші,14,193.8,2713.2
32,Клієнт 032,2024-08-11,Гіпсокартон стіновий,Листові матеріали,13,246.86,3209.18
51,Клієнт 051,2024-06-07,Дюбель універсальний,Кріплення,11,1.18,12.98
100,Клієнт 100,2024-03-27,Цемент М500,Суміші,17,188.1,3197.7
68,Клієнт 068,2024-09-18,Щебінь фракція 5-20,Сипучі матеріали,12,90.24,1082.88
105,Клієнт 105,2024-11-26,Пісок будівельний,Сипучі матеріали,8,67.58,540.64
33,Клієнт 033,2024-04-11,Пісок будівельний,Сипучі матеріали,20,68.11,1362.2
98,Клієнт 098,2024-12-01,Цемент М500,Суміші,6,196.68,1180.08
81,Клієнт 081,2024-09-09,Фарба фасадна силіконова,Фарби,19,1170.38,22237.22
58,Клієнт 058,2024-12-14,Гіпсокартон стіновий,Листові матеріали,20,239.64,4792.8
81,Клієнт 081,2024-06-10,Пісок будівельний,Сипучі матеріали,15,67.22,1008.3
57,Клієнт 057,2024-11-19,Цегла керамічна,Кладочні матеріали,9,12.46,112.14
46,Клієнт 046,2024-09-16,Цемент М500,Суміші,10,183.47,1834.7
5,Клієнт 005,2024-01-30,Блок газобетонний,Кладочні матеріали,10,91.34,913.4
111,Клієнт 111,2024-02-16,Гіпсокартон стіновий,Листові матеріали,20,246.25,4925.0
60,Клієнт 060,2024-10-24,Гіпсокартон стельовий,Листові матеріали,2,213.67,427.34
104,Клієнт 104,2024-10-19,Саморізи по металу,Кріплення,7,0.8,5.6
61,Клієнт 061,2024-09-13,Пісок будівельний,Сипучі матеріали,2,71.23,142.46
104,Клієнт 104,2024-06-24,Дюбель універсальний,Кріплення,3,1.23,3.69
23,Клієнт 023,2024-01-21,Щебінь фракція 5-20,Сипучі матеріали,15,98.88,1483.2
68,Клієнт 068,2024-09-24,Гіпсокартон стіновий,Листові матеріали,6,241.1,1446.6
118,Клієнт 118,2024-05-24,Фарба акрилова інтерʼєрна,Фарби,14,906.24,12687.36
87,Клієнт 087,2024-11-02,Цемент М400,Суміші,11,143.98,1583.78
13,Клієнт 013,2024-10-12,Саморізи по металу,Кріплення,13,0.79,10.27
93,Клієнт 093,2024-12-02,Гіпсокартон стіновий,Листові матеріали,5,240.0,1200.0
75,Клієнт 075,2024-12-05,Пісок будівельний,Сипучі матеріали,12,69.76,837.12
84,Клієнт 084,2024-12-23,Саморізи по металу,Кріплення,13,0.78,10.14
91,Клієнт 091,2024-02-13,Цегла керамічна,Кладочні матеріали,18,12.08,217.44
102,Клієнт 102,2024-06-17,Пісок будівельний,Сипучі матеріали,17,67.48,1147.16
86,Клієнт 086,2024-08-04,Гіпсокартон стельовий,Листові матеріали,12,200.07,2400.84
40,Клієнт 040,2024-04-02,Щебінь фракція 5-20,Сипучі матеріали,11,98.29,1081.19
63,Клієнт 063,2024-04-08,Щебінь фракція 5-20,Сипучі матеріали,5,87.59,437.95
38,Клієнт 038,2024-02-21,Гіпсокартон стельовий,Листові матеріали,18,225.81,4064.58
114,Клієнт 114,2024-09-26,Цемент М400,Суміші,11,162.22,1784.42
80,Клієнт 080,2024-03-08,Гіпсокартон стіновий,Листові матеріали,13,233.55,3036.15
24,Клієнт 024,2024-12-20,Гіпсокартон стіновий,Листові матеріали,6,253.96,1523.76
6,Клієнт 006,2024-07-29,Блок газобетонний,Кладочні матеріали,8,104.07,832.56
79,Клієнт 079,2024-05-25,Дюбель універсальний,Кріплення,15,1.18,17.7
31,Клієнт 031,2024-06-07,Фарба фасадна силіконова,Фарби,7,1105.69,7739.83
74,Клієнт 074,2024-08-13,Фарба фасадна силіконова,Фарби,10,1173.39,11733.9
65,Клієнт 065,2024-09-27,Фарба акрилова інтерʼєрна,Фарби,6,911.65,5469.9
103,Клієнт 103,2024-11-05,Пісок будівельний,Сипучі матеріали,9,67.05,603.45
62,Клієнт 062,2024-07-09,Гіпсокартон стельовий,Листові матеріали,4,221.91,887.64
67,Клієнт 067,2024-03-04,Цегла керамічна,Кладочні матеріали,3,12.77,38.31
35,Клієнт 035,2024-08-18,Гіпсокартон стельовий,Листові матеріали,5,225.68,1128.4
12,Клієнт 012,2024-04-23,Фарба фасадна силіконова,Фарби,12,1198.53,14382.36
54,Клієнт 054,2024-01-28,Фарба акрилова інтерʼєрна,Фарби,17,855.18,14538.06
50,Клієнт 050,2024-02-11,Блок газобетонний,Кладочні матеріали,8,90.65,725.2
120,Клієнт 120,2024-02-20,Дюбель універсальний,Кріплення,11,1.28,14.08
18,Клієнт 018,2024-01-20,Цегла керамічна,Кладочні матеріали,16,12.65,202.4
18,Клієнт 018,2024-12-27,Фарба фасадна силіконова,Фарби,15,1146.53,17197.95
116,Клієнт 116,2024-02-10,Цемент М400,Суміші,9,147.35,1326.15
20,Клієнт 020,2024-10-07,Дюбель універсальний,Кріплення,20,1.23,24.6
15,Клієнт 015,2024-05-27,Щебінь фракція 5-20,Сипучі матеріали,10,87.14,871.4
31,Клієнт 031,2024-08-02,Саморізи по металу,Кріплення,20,0.81,16.2
15,Клієнт 015,2024-09-12,Гіпсокартон стіновий,Листові матеріали,18,228.59,4114.62
66,Клієнт 066,2024-10-21,Щебінь фракція 5-20,Сипучі матеріали,5,89.43,447.15
1,Клієнт 001,2024-11-10,Блок газобетонний,Кладочні матеріали,8,98.38,787.04
24,Клієнт 024,2024-12-06,Саморізи по металу,Кріплення,3,0.82,2.46
47,Клієнт 047,2024-02-04,Гіпсокартон стельовий,Листові матеріали,18,215.48,3878.64
65,Клієнт 065,2024-10-10,Цемент М400,Суміші,13,162.15,2107.95
6,Клієнт 006,2024-11-21,Фарба акрилова інтерʼєрна,Фарби,12,839.84,10078.08
3,Клієнт 003,2024-07-01,Цемент М500,Суміші,12,177.51,2130.12
85,Клієнт 085,2024-11-17,Цемент М500,Суміші,19,190.85,3626.15
43,Клієнт 043,2024-03-09,Цемент М400,Суміші,12,154.79,1857.48
105,Клієнт 105,2024-11-25,Пісок будівельний,Сипучі матеріали,15,76.8,1152.0
62,Клієнт 062,2024-11-19,Пісок будівельний,Сипучі матеріали,5,67.16,335.8
100,Клієнт 100,2024-08-22,Цемент М400,Суміші,10,147.04,1470.4
102,Клієнт 102,2024-04-12,Цемент М400,Суміші,11,163.5,1798.5
66,Клієнт 066,2024-07-22,Гіпсокартон стельовий,Листові матеріали,16,207.48,3319.68
97,Клієнт 097,2024-11-27,Щебінь фракція 5-20,Сипучі матеріали,10,90.32,903.2
100,Клієнт 100,2024-01-25,Саморізи по металу,Кріплення,11,0.79,8.69
103,Клієнт 103,2024-07-07,Фарба акрилова інтерʼєрна,Фарби,13,902.27,11729.51
115,Клієнт 115,2024-07-16,Блок газобетонний,Кладочні матеріали,6,97.32,583.92
64,Клієнт 064,2024-07-07,Гіпсокартон стельовий,Листові матеріали,9,224.74,2022.66
94,Клієнт 094,2024-08-05,Цемент М500,Суміші,14,187.27,2621.78
106,Клієнт 106,2024-04-02,Гіпсокартон стельовий,Листові матеріали,10,209.62,2096.2
11,Клієнт 011,2024-06-16,Саморізи по металу,Кріплення,10,0.8,8.0
78,Клієнт 078,2024-08-06,Пісок будівельний,Сипучі матеріали,15,70.19,1052.85
6,Клієнт 006,2024-06-29,Гіпсокартон стіновий,Листові матеріали,14,237.88,3330.32
102,Клієнт 102,2024-01-30,Цемент М500,Суміші,13,180.81,2350.53
103,Клієнт 103,2024-12-13,Пісок будівельний,Сипучі матеріали,1,68.0,68.0
78,Клієнт 078,2024-12-13,Фарба фасадна силіконова,Фарби,2,1065.83,2131.66
31,Клієнт 031,2024-11-26,Блок газобетонний,Кладочні матеріали,12,95.71,1148.52
73,Клієнт 073,2024-01-17,Гіпсокартон стіновий,Листові матеріали,5,252.45,1262.25
48,Клієнт 048,2024-07-09,Фарба фасадна силіконова,Фарби,3,1139.7,3419.1
68,Клієнт 068,2024-07-06,Фарба акрилова інтерʼєрна,Фарби,11,890.32,9793.52
32,Клієнт 032,2024-02-28,Цемент М400,Суміші,6,153.73,922.38
50,Клієнт 050,2024-10-14,Цемент М500,Суміші,9,191.92,1727.28
91,Клієнт 091,2024-08-16,Щебінь фракція 5-20,Сипучі матеріали,20,89.36,1787.2
118,Клієнт 118,2024-09-08,Щебінь фракція 5-20,Сипучі матеріали,4,87.33,349.32
10,Клієнт 010,2024-08-19,Пісок будівельний,Сипучі матеріали,15,76.97,1154.55
104,Клієнт 104,2024-12-15,Блок газобетонний,Кладочні матеріали,12,100.36,1204.32
71,Клієнт 071,2024-10-04,Цегла керамічна,Кладочні матеріали,10,12.93,129.3
92,Клієнт 092,2024-12-29,Дюбель універсальний,Кріплення,6,1.28,7.68
66,Клієнт 066,2024-04-24,Цемент М500,Суміші,7,192.39,1346.73
31,Клієнт 031,2024-09-09,Цемент М400,Суміші,12,154.97,1859.64
48,Клієнт 048,2024-08-27,Гіпсокартон стельовий,Листові матеріали,5,218.78,1093.9
12,Клієнт 012,2024-02-03,Цегла керамічна,Кладочні матеріали,13,13.2,171.6
93,Клієнт 093,2024-09-02,Гіпсокартон стельовий,Листові матеріали,14,223.73,3132.22
106,Клієнт 106,2024-10-21,Цемент М500,Суміші,5,197.25,986.25
83,Клієнт 083,2024-02-07,Фарба фасадна силіконова,Фарби,15,1157.22,17358.3
45,Клієнт 045,2024-03-06,Гіпсокартон стельовий,Листові матеріали,19,205.23,3899.37
17,Клієнт 017,2024-08-09,Гіпсокартон стельовий,Листові матеріали,2,225.69,451.38
67,Клієнт 067,2024-03-19,Цегла керамічна,Кладочні матеріали,6,11.69,70.14
120,Клієнт 120,2024-12-29,Щебінь фракція 5-20,Сипучі матеріали,12,98.29,1179.48
67,Клієнт 067,2024-05-25,Цемент М500,Суміші,9,176.3,1586.7
71,Клієнт 071,2024-05-20,Пісок будівельний,Сипучі матеріали,10,72.95,729.5
12,Клієнт 012,2024-09-14,Саморізи по металу,Кріплення,6,0.83,4.98
75,Клієнт 075,2024-03-19,Пісок будівельний,Сипучі матеріали,20,74.07,1481.4
78,Клієнт 078,2024-06-21,Гіпсокартон стіновий,Листові матеріали,2,257.71,515.42
4,Клієнт 004,2024-02-11,Цемент М400,Суміші,19,148.45,2820.55
27,Клієнт 027,2024-10-19,Фарба акрилова інтерʼєрна,Фарби,20,888.97,17779.4
64,Клієнт 064,2024-11-17,Гіпсокартон стельовий,Листові матеріали,10,219.72,2197.2
39,Клієнт 039,2024-09-04,Щебінь фракція 5-20,Сипучі матеріали,13,89.52,1163.76
10,Клієнт 010,2024-12-18,Цемент М400,Суміші,6,152.39,914.34
62,Клієнт 062,2024-08-25,Щебінь фракція 5-20,Сипучі матеріали,11,93.69,1030.59
41,Клієнт 041,2024-06-12,Дюбель універсальний,Кріплення,12,1.32,15.84
17,Клієнт 017,2024-07-08,Гіпсокартон стельовий,Листові матеріали,18,202.84,3651.12
31,Клієнт 031,2024-08-26,Цемент М500,Суміші,9,183.14,1648.26
19,Клієнт 019,2024-02-19,Цемент М400,Суміші,10,163.77,1637.7
111,Клієнт 111,2024-11-11,Фарба акрилова інтерʼєрна,Фарби,8,930.24,7441.92
116,Клієнт 116,2024-03-22,Блок газобетонний,Кладочні матеріали,19,100.53,1910.07
25,Клієнт 025,2024-03-22,Фарба фасадна силіконова,Фарби,17,1122.02,19074.34
113,Клієнт 113,2024-06-06,Фарба фасадна силіконова,Фарби,1,1059.86,1059.86
51,Клієнт 051,2024-09-15,Фарба фасадна силіконова,Фарби,8,1080.5,8644.0
46,Клієнт 046,2024-01-25,Цемент М400,Суміші,10,153.64,1536.4
113,Клієнт 113,2024-11-30,Саморізи по металу,Кріплення,16,0.79,12.64
2,Клієнт 002,2024-02-25,Фарба акрилова інтерʼєрна,Фарби,5,920.01,4600.05
94,Клієнт 094,2024-07-06,Фарба акрилова інтерʼєрна,Фарби,12,813.27,9759.24
7,Клієнт 007,2024-10-18,Гіпсокартон стельовий,Листові матеріали,7,210.92,1476.44
37,Клієнт 037,2024-02-07,Фарба акрилова інтерʼєрна,Фарби,17,864.92,14703.64
71,Клієнт 071,2024-05-23,Гіпсокартон стіновий,Листові матеріали,20,232.28,4645.6
13,Клієнт 013,2024-07-20,Блок газобетонний,Кладочні матеріали,11,98.2,1080.2
47,Клієнт 047,2024-03-14,Щебінь фракція 5-20,Сипучі матеріали,20,92.37,1847.4
65,Клієнт 065,2024-01-21,Цемент М400,Суміші,2,145.58,291.16
43,Клієнт 043,2024-08-30,Гіпсокартон стельовий,Листові матеріали,15,204.19,3062.85
115,Клієнт 115,2024-09-20,Пісок будівельний,Сипучі матеріали,11,76.28,839.08
41,Клієнт 041,2024-03-24,Фарба акрилова інтерʼєрна,Фарби,20,901.76,18035.2
39,Клієнт 039,2024-10-30,Блок газобетонний,Кладочні матеріали,17,102.05,1734.85
69,Клієнт 069,2024-09-07,Дюбель універсальний,Кріплення,19,1.19,22.61
105,Клієнт 105,2024-01-09,Блок газобетонний,Кладочні матеріали,11,99.85,1098.35
54,Клієнт 054,2024-10-25,Цегла керамічна,Кладочні матеріали,1,12.47,12.47
34,Клієнт 034,2024-12-01,Гіпсокартон стіновий,Листові матеріали,19,236.19,4487.61
7,Клієнт 007,2024-10-25,Фарба фасадна силіконова,Фарби,6,1131.5,6789.0
93,Клієнт 093,2024-11-13,Фарба акрилова інтерʼєрна,Фарби,5,912.26,4561.3
32,Клієнт 032,2024-01-17,Гіпсокартон стіновий,Листові матеріали,4,234.87,939.48
57,Клієнт 057,2024-06-09,Фарба акрилова інтерʼєрна,Фарби,5,860.15,4300.75
27,Клієнт 027,2024-07-29,Гіпсокартон стельовий,Листові матеріали,20,228.5,4570.0
112,Клієнт 112,2024-02-01,Дюбель універсальний,Кріплення,5,1.23,6.15
72,Клієнт 072,2024-06-15,Саморізи по металу,Кріплення,16,0.82,13.12
41,Клієнт 041,2024-03-29,Фарба фасадна силіконова,Фарби,18,1101.48,19826.64
46,Клієнт 046,2024-12-12,Дюбель універсальний,Кріплення,9,1.25,11.25
25,Клієнт 025,2024-05-06,Цегла керамічна,Кладочні матеріали,18,11.94,214.92
39,Клієнт 039,2024-05-27,Дюбель універсальний,Кріплення,7,1.26,8.82
63,Клієнт 063,2024-06-11,Фарба фасадна силіконова,Фарби,12,1137.48,13649.76
120,Клієнт 120,2024-05-20,Цегла керамічна,Кладочні матеріали,4,12.43,49.72
70,Клієнт 070,2024-07-13,Фарба акрилова інтерʼєрна,Фарби,12,929.21,11150.52
103,Клієнт 103,2024-03-15,Цегла керамічна,Кладочні матеріали,2,11.92,23.84
92,Клієнт 092,2024-02-10,Блок газобетонний,Кладочні матеріали,15,99.6,1494.0
96,Клієнт 096,2024-09-02,Щебінь фракція 5-20,Сипучі матеріали,7,96.68,676.76
35,Клієнт 035,2024-10-14,Дюбель універсальний,Кріплення,9,1.16,10.44
79,Клієнт 079,2024-10-27,Щебінь фракція 5-20,Сипучі матеріали,8,86.19,689.52
116,Клієнт 116,2024-09-28,Щебінь фракція 5-20,Сипучі матеріали,8,86.21,689.68
53,Клієнт 053,2024-06-18,Дюбель універсальний,Кріплення,16,1.16,18.56
99,Клієнт 099,2024-03-11,Цемент М400,Суміші,18,164.5,2961.0
21,Клієнт 021,2024-07-27,Саморізи по металу,Кріплення,16,0.82,13.12
26,Клієнт 026,2024-05-27,Блок газобетонний,Кладочні матеріали,10,99.45,994.5
117,Клієнт 117,2024-02-15,Саморізи по металу,Кріплення,19,0.79,15.01
95,Клієнт 095,2024-01-20,Пісок будівельний,Сипучі матеріали,14,75.76,1060.64
23,Клієнт 023,2024-01-19,Фарба акрилова інтерʼєрна,Фарби,16,831.25,13300.0
96,Клієнт 096,2024-05-28,Цемент М400,Суміші,1,149.21,149.21
78,Клієнт 078,2024-02-24,Блок газобетонний,Кладочні матеріали,10,96.72,967.2
83,Клієнт 083,2024-10-05,Гіпсокартон стельовий,Листові матеріали,16,227.51,3640.16
18,Клієнт 018,2024-09-15,Фарба фасадна силіконова,Фарби,9,1076.81,9691.29
15,Клієнт 015,2024-06-18,Пісок будівельний,Сипучі матеріали,15,73.31,1099.65
92,Клієнт 092,2024-04-05,Цемент М400,Суміші,11,160.29,1763.19
73,Клієнт 073,2024-12-11,Щебінь фракція 5-20,Сипучі матеріали,6,93.75,562.5
82,Клієнт 082,2024-07-26,Фарба акрилова інтерʼєрна,Фарби,17,849.31,14438.27
52,Клієнт 052,2024-12-08,Цемент М500,Суміші,6,197.51,1185.06
62,Клієнт 062,2024-06-14,Щебінь фракція 5-20,Сипучі матеріали,1,89.02,89.02
31,Клієнт 031,2024-08-16,Цегла керамічна,Кладочні матеріали,11,11.94,131.34
93,Клієнт 093,2024-10-20,Цемент М400,Суміші,9,157.21,1414.89
89,Клієнт 089,2024-04-30,Цемент М400,Суміші,4,152.97,611.88
21,Клієнт 021,2024-07-26,Саморізи по металу,Кріплення,17,0.87,14.79
114,Клієнт 114,2024-12-26,Цегла керамічна,Кладочні матеріали,4,12.55,50.2
38,Клієнт 038,2024-07-07,Гіпсокартон стіновий,Листові матеріали,8,235.89,1887.12
18,Клієнт 018,2024-09-01,Пісок будівельний,Сипучі матеріали,15,74.35,1115.25
78,Клієнт 078,2024-07-10,Фарба акрилова інтерʼєрна,Фарби,18,923.88,16629.84
97,Клієнт 097,2024-10-02,Саморізи по металу,Кріплення,7,0.85,5.95
88,Клієнт 088,2024-11-01,Цемент М500,Суміші,17,183.06,3112.02
91,Клієнт 091,2024-07-04,Цемент М500,Суміші,19,174.03,3306.57
107,Клієнт 107,2024-10-07,Гіпсокартон стельовий,Листові матеріали,7,217.54,1522.78
20,Клієнт 020,2024-03-25,Блок газобетонний,Кладочні матеріали,17,96.55,1641.35
88,Клієнт 088,2024-04-15,Дюбель універсальний,Кріплення,19,1.23,23.37
116,Клієнт 116,2024-09-18,Фарба фасадна силіконова,Фарби,2,1119.82,2239.64
66,Клієнт 066,2024-07-31,Фарба фасадна силіконова,Фарби,19,1054.53,20036.07
60,Клієнт 060,2024-12-10,Цегла керамічна,Кладочні матеріали,1,12.11,12.11
105,Клієнт 105,2024-01-02,Дюбель універсальний,Кріплення,7,1.24,8.68
6,Клієнт 006,2024-08-04,Блок газобетонний,Кладочні матеріали,3,97.96,293.88
8,Клієнт 008,2024-02-05,Фарба фасадна силіконова,Фарби,2,1092.37,2184.74
24,Клієнт 024,2024-03-10,Саморізи по металу,Кріплення,14,0.8,11.2
115,Клієнт 115,2024-07-14,Фарба фасадна силіконова,Фарби,13,1106.98,14390.74
88,Клієнт 088,2024-12-04,Гіпсокартон стельовий,Листові матеріали,5,220.09,1100.45
45,Клієнт 045,2024-03-01,Пісок будівельний,Сипучі матеріали,18,70.63,1271.34
17,Клієнт 017,2024-04-24,Цемент М400,Суміші,1,164.52,164.52
60,Клієнт 060,2024-12-10,Дюбель універсальний,Кріплення,18,1.22,21.96
49,Клієнт 049,2024-04-27,Щебінь фракція 5-20,Сипучі матеріали,15,90.17,1352.55
36,Клієнт 036,2024-04-06,Дюбель універсальний,Кріплення,4,1.15,4.6
85,Клієнт 085,2024-08-02,Гіпсокартон стіновий,Листові матеріали,1,236.66,236.66
9,Клієнт 009,2024-02-21,Гіпсокартон стіновий,Листові матеріали,2,244.07,488.14
87,Клієнт 087,2024-12-26,Цемент М400,Суміші,8,159.16,1273.28
52,Клієнт 052,2024-08-12,Щебінь фракція 5-20,Сипучі матеріали,18,88.43,1591.74
111,Клієнт 111,2024-01-29,Пісок будівельний,Сипучі матеріали,17,76.93,1307.81
30,Клієнт 030,2024-10-21,Блок газобетонний,Кладочні матеріали,19,98.77,1876.63
87,Клієнт 087,2024-06-13,Щебінь фракція 5-20,Сипучі матеріали,10,97.33,973.3
85,Клієнт 085,2024-09-23,Щебінь фракція 5-20,Сипучі матеріали,14,89.56,1253.84
8,Клієнт 008,2024-10-12,Гіпсокартон стіновий,Листові матеріали,6,250.54,1503.24
55,Клієнт 055,2024-10-11,Фарба фасадна силіконова,Фарби,2,1205.43,2410.86
83,Клієнт 083,2024-12-09,Фарба акрилова інтерʼєрна,Фарби,17,848.14,14418.38
54,Клієнт 054,2024-07-28,Пісок будівельний,Сипучі матеріали,10,70.45,704.5
97,Клієнт 097,2024-10-02,Фарба фасадна силіконова,Фарби,8,1185.14,9481.12
39,Клієнт 039,2024-12-28,Пісок будівельний,Сипучі матеріали,15,76.1,1141.5
72,Клієнт 072,2024-07-30,Фарба акрилова інтерʼєрна,Фарби,18,875.07,15751.26
50,Клієнт 050,2024-05-04,Цегла керамічна,Кладочні матеріали,7,11.99,83.93
11,Клієнт 011,2024-08-18,Блок газобетонний,Кладочні матеріали,3,97.88,293.64
107,Клієнт 107,2024-04-07,Цемент М400,Суміші,9,150.99,1358.91
78,Клієнт 078,2024-11-04,Цемент М400,Суміші,3,146.73,440.19
98,Клієнт 098,2024-10-27,Дюбель універсальний,Кріплення,18,1.18,21.24
27,Клієнт 027,2024-06-19,Цегла керамічна,Кладочні матеріали,1,11.78,11.78
25,Клієнт 025,2024-03-01,Дюбель універсальний,Кріплення,16,1.3,20.8
90,Клієнт 090,2024-11-05,Дюбель універсальний,Кріплення,7,1.21,8.47
31,Клієнт 031,2024-10-09,Блок газобетонний,Кладочні матеріали,10,95.67,956.7
69,Клієнт 069,2024-11-28,Блок газобетонний,Кладочні матеріали,10,93.98,939.8
66,Клієнт 066,2024-09-11,Фарба фасадна силіконова,Фарби,4,1177.46,4709.84
93,Клієнт 093,2024-08-28,Блок газобетонний,Кладочні матеріали,7,95.53,668.71
53,Клієнт 053,2024-01-24,Гіпсокартон стіновий,Листові матеріали,8,254.69,2037.52
3,Клієнт 003,2024-05-13,Гіпсокартон стельовий,Листові матеріали,19,217.74,4137.06
54,Клієнт 054,2024-05-31,Пісок будівельний,Сипучі матеріали,7,69.96,489.72
49,Клієнт 049,2024-10-18,Щебінь фракція 5-20,Сипучі матеріали,16,92.93,1486.88
88,Клієнт 088,2024-06-21,Цегла керамічна,Кладочні матеріали,16,13.14,210.24
83,Клієнт 083,2024-09-08,Фарба фасадна силіконова,Фарби,6,1165.91,6995.46
46,Клієнт 046,2024-03-27,Пісок будівельний,Сипучі матеріали,18,71.63,1289.34
118,Клієнт 118,2024-10-04,Саморізи по металу,Кріплення,2,0.82,1.64
108,Клієнт 108,2024-02-08,Саморізи по металу,Кріплення,2,0.85,1.7
53,Клієнт 053,2024-03-11,Саморізи по металу,Кріплення,8,0.77,6.16
20,Клієнт 020,2024-01-05,Щебінь фракція 5-20,Сипучі матеріали,17,91.66,1558.22
8,Клієнт 008,2024-11-12,Саморізи по металу,Кріплення,20,0.87,17.4
85,Клієнт 085,2024-09-06,Цемент М400,Суміші,1,154.47,154.47
53,Клієнт 053,2024-01-07,Цемент М400,Суміші,17,158.75,2698.75
69,Клієнт 069,2024-05-26,Цемент М400,Суміші,17,160.8,2733.6
87,Клієнт 087,2024-08-08,Пісок будівельний,Сипучі матеріали,4,76.14,304.56
68,Клієнт 068,2024-03-17,Щебінь фракція 5-20,Сипучі матеріали,7,93.87,657.09
33,Клієнт 033,2024-06-30,Цегла керамічна,Кладочні матеріали,13,11.54,150.02
52,Клієнт 052,2024-08-23,Гіпсокартон стіновий,Листові матеріали,8,263.65,2109.2
29,Клієнт 029,2024-06-02,Саморізи по металу,Кріплення,3,0.84,2.52
110,Клієнт 110,2024-11-28,Цемент М400,Суміші,3,151.62,454.86
49,Клієнт 049,2024-10-09,Фарба фасадна силіконова,Фарби,2,1150.06,2300.12
90,Клієнт 090,2024-03-28,Цемент М500,Суміші,16,193.82,3101.12
83,Клієнт 083,2024-06-18,Гіпсокартон стіновий,Листові матеріали,4,260.21,1040.84
118,Клієнт 118,2024-01-22,Щебінь фракція 5-20,Сипучі матеріали,7,97.67,683.69
89,Клієнт 089,2024-10-17,Фарба фасадна силіконова,Фарби,9,1052.68,9474.12
10,Клієнт 010,2024-12-16,Цегла керамічна,Кладочні матеріали,18,12.41,223.38
5,Клієнт 005,2024-04-01,Блок газобетонний,Кладочні матеріали,1,103.95,103.95
76,Клієнт 076,2024-03-14,Дюбель універсальний,Кріплення,13,1.31,17.03
39,Клієнт 039,2024-03-24,Гіпсокартон стіновий,Листові матеріали,8,248.4,1987.2
109,Клієнт 109,2024-07-18,Саморізи по металу,Кріплення,18,0.8,14.4
97,Клієнт 097,2024-03-12,Дюбель універсальний,Кріплення,3,1.23,3.69
45,Клієнт 045,2024-01-28,Цемент М500,Суміші,14,177.27,2481.78
10,Клієнт 010,2024-06-23,Гіпсокартон стіновий,Листові матеріали,20,262.37,5247.4
51,Клієнт 051,2024-06-16,Цемент М400,Суміші,9,160.13,1441.17
58,Клієнт 058,2024-09-08,Щебінь фракція 5-20,Сипучі матеріали,12,92.97,1115.64
49,Клієнт 049,2024-08-09,Пісок будівельний,Сипучі матеріали,19,73.44,1395.36
11,Клієнт 011,2024-11-12,Цегла керамічна,Кладочні матеріали,8,12.68,101.44
11,Клієнт 011,2024-05-17,Пісок будівельний,Сипучі матеріали,13,73.97,961.61
82,Клієнт 082,2024-03-19,Дюбель універсальний,Кріплення,13,1.2,15.6
14,Клієнт 014,2024-02-16,Цемент М400,Суміші,10,152.51,1525.1
98,Клієнт 098,2024-05-18,Цемент М500,Суміші,5,173.36,866.8
56,Клієнт 056,2024-08-17,Гіпсокартон стельовий,Листові матеріали,18,215.64,3881.52
14,Клієнт 014,2024-01-14,Цемент М500,Суміші,12,185.96,2231.52
77,Клієнт 077,2024-11-02,Блок газобетонний,Кладочні матеріали,13,90.43,1175.59
53,Клієнт 053,2024-07-17,Цемент М500,Суміші,18,195.44,3517.92
32,Клієнт 032,2024-10-19,Гіпсокартон стельовий,Листові матеріали,6,221.09,1326.54
22,Клієнт 022,2024-03-12,Цегла керамічна,Кладочні матеріали,10,11.88,118.8
19,Клієнт 019,2024-02-02,Пісок будівельний,Сипучі матеріали,14,69.4,971.6
39,Клієнт 039,2024-09-04,Цемент М500,Суміші,12,177.8,2133.6
32,Клієнт 032,2024-11-16,Фарба фасадна силіконова,Фарби,20,1146.75,22935.0
59,Клієнт 059,2024-02-24,Пісок будівельний,Сипучі матеріали,10,66.57,665.7
51,Клієнт 051,2024-06-19,Гіпсокартон стіновий,Листові матеріали,13,256.95,3340.35
43,Клієнт 043,2024-08-13,Блок газобетонний,Кладочні матеріали,14,101.87,1426.18
111,Клієнт 111,2024-11-29,Гіпсокартон стіновий,Листові матеріали,5,238.82,1194.1
78,Клієнт 078,2024-12-21,Щебінь фракція 5-20,Сипучі матеріали,16,89.74,1435.84
51,Клієнт 051,2024-06-12,Цегла керамічна,Кладочні матеріали,16,13.14,210.24
101,Клієнт 101,2024-05-04,Блок газобетонний,Кладочні матеріали,13,94.24,1225.12
101,Клієнт 101,2024-07-20,Блок газобетонний,Кладочні матеріали,4,103.53,414.12
26,Клієнт 026,2024-10-30,Гіпсокартон стельовий,Листові матеріали,6,220.97,1325.82
71,Клієнт 071,2024-01-14,Дюбель універсальний,Кріплення,15,1.31,19.65
27,Клієнт 027,2024-08-12,Цегла керамічна,Кладочні матеріали,3,12.87,38.61
102,Клієнт 102,2024-07-28,Саморізи по металу,Кріплення,16,0.78,12.48
39,Клієнт 039,2024-05-03,Цегла керамічна,Кладочні матеріали,5,12.69,63.45
102,Клієнт 102,2024-07-12,Цемент М500,Суміші,15,197.75,2966.25
62,Клієнт 062,2024-10-25,Фарба акрилова інтерʼєрна,Фарби,18,872.09,15697.62
118,Клієнт 118,2024-12-20,Фарба акрилова інтерʼєрна,Фарби,18,812.19,14619.42
47,Клієнт 047,2024-12-25,Гіпсокартон стельовий,Листові матеріали,20,219.6,4392.0
11,Клієнт 011,2024-02-25,Щебінь фракція 5-20,Сипучі матеріали,12,87.75,1053.0
79,Клієнт 079,2024-01-23,Гіпсокартон стіновий,Листові матеріали,13,262.81,3416.53
43,Клієнт 043,2024-08-08,Цемент М500,Суміші,1,173.66,173.66
29,Клієнт 029,2024-09-18,Дюбель універсальний,Кріплення,17,1.24,21.08
89,Клієнт 089,2024-10-21,Щебінь фракція 5-20,Сипучі матеріали,15,90.55,1358.25
60,Клієнт 060,2024-12-13,Гіпсокартон стіновий,Листові матеріали,17,233.43,3968.31
4,Клієнт 004,2024-09-04,Цемент М500,Суміші,10,182.23,1822.3
11,Клієнт 011,2024-02-29,Дюбель універсальний,Кріплення,5,1.2,6.0
44,Клієнт 044,2024-08-21,Щебінь фракція 5-20,Сипучі матеріали,17,92.02,1564.34
61,Клієнт 061,2024-02-19,Фарба фасадна силіконова,Фарби,15,1097.62,16464.3
39,Клієнт 039,2024-01-23,Дюбель універсальний,Кріплення,4,1.14,4.56
44,Клієнт 044,2024-11-27,Цемент М500,Суміші,6,196.11,1176.66
95,Клієнт 095,2024-05-04,Гіпсокартон стельовий,Листові матеріали,6,216.89,1301.34
43,Клієнт 043,2024-10-13,Фарба акрилова інтерʼєрна,Фарби,15,837.06,12555.9
52,Клієнт 052,2024-11-18,Пісок будівельний,Сипучі матеріали,6,73.23,439.38
56,Клієнт 056,2024-07-21,Цемент М400,Суміші,20,162.37,3247.4
58,Клієнт 058,2024-10-30,Фарба акрилова інтерʼєрна,Фарби,13,808.07,10504.91
28,Клієнт 028,2024-04-15,Цегла керамічна,Кладочні матеріали,3,12.44,37.32
103,Клієнт 103,2024-10-01,Пісок будівельний,Сипучі матеріали,12,69.92,839.04
59,Клієнт 059,2024-02-28,Цегла керамічна,Кладочні матеріали,16,12.35,197.6
82,Клієнт 082,2024-06-09,Гіпсокартон стіновий,Листові матеріали,13,250.01,3250.13
76,Клієнт 076,2024-02-28,Блок газобетонний,Кладочні матеріали,12,102.3,1227.6
80,Клієнт 080,2024-03-29,Саморізи по металу,Кріплення,10,0.87,8.7
76,Клієнт 076,2024-02-13,Саморізи по металу,Кріплення,5,0.8,4.0
31,Клієнт 031,2024-06-05,Цемент М500,Суміші,6,181.08,1086.48
19,Клієнт 019,2024-09-18,Фарба акрилова інтерʼєрна,Фарби,14,883.54,12369.56
74,Клієнт 074,2024-07-15,Фарба акрилова інтерʼєрна,Фарби,6,869.55,5217.3
69,Клієнт 069,2024-12-21,Саморізи по металу,Кріплення,6,0.83,4.98
63,Клієнт 063,2024-05-27,Пісок будівельний,Сипучі матеріали,6,69.8,418.8
58,Клієнт 058,2024-11-13,Цемент М400,Суміші,12,163.92,1967.04
63,Клієнт 063,2024-03-10,Щебінь фракція 5-20,Сипучі матеріали,13,98.51,1280.63
65,Клієнт 065,2024-11-30,Фарба фасадна силіконова,Фарби,14,1157.97,16211.58
54,Клієнт 054,2024-12-29,Фарба фасадна силіконова,Фарби,16,1072.6,17161.6
73,Клієнт 073,2024-01-16,Щебінь фракція 5-20,Сипучі матеріали,10,85.94,859.4
29,Клієнт 029,2024-10-02,Цегла керамічна,Кладочні матеріали,6,12.81,76.86
73,Клієнт 073,2024-09-10,Гіпсокартон стельовий,Листові матеріали,17,203.07,3452.19
15,Клієнт 015,2024-05-17,Гіпсокартон стельовий,Листові матеріали,12,216.57,2598.84
97,Клієнт 097,2024-01-22,Дюбель універсальний,Кріплення,15,1.24,18.6
55,Клієнт 055,2024-02-22,Дюбель універсальний,Кріплення,8,1.19,9.52
5,Клієнт 005,2024-08-18,Цегла керамічна,Кладочні матеріали,12,12.95,155.4
12,Клієнт 012,2024-08-12,Цемент М500,Суміші,8,176.67,1413.36
95,Клієнт 095,2024-10-28,Дюбель універсальний,Кріплення,12,1.29,15.48
79,Клієнт 079,2024-11-19,Фарба акрилова інтерʼєрна,Фарби,6,886.06,5316.36
101,Клієнт 101,2024-04-15,Щебінь фракція 5-20,Сипучі матеріали,2,93.2,186.4
69,Клієнт 069,2024-05-23,Гіпсокартон стіновий,Листові матеріали,18,234.06,4213.08
91,Клієнт 091,2024-05-29,Цегла керамічна,Кладочні матеріали,19,11.88,225.72
110,Клієнт 110,2024-09-20,Саморізи по металу,Кріплення,4,0.78,3.12
97,Клієнт 097,2024-07-29,Цемент М400,Суміші,9,162.01,1458.09
17,Клієнт 017,2024-12-25,Пісок будівельний,Сипучі матеріали,8,68.04,544.32
42,Клієнт 042,2024-05-06,Саморізи по металу,Кріплення,13,0.82,10.66
74,Клієнт 074,2024-11-19,Цегла керамічна,Кладочні матеріали,14,12.08,169.12
10,Клієнт 010,2024-11-20,Цемент М500,Суміші,13,184.92,2403.96
36,Клієнт 036,2024-12-21,Блок газобетонний,Кладочні матеріали,15,103.79,1556.85
42,Клієнт 042,2024-10-24,Цемент М400,Суміші,3,158.95,476.85
59,Клієнт 059,2024-11-21,Саморізи по металу,Кріплення,12,0.86,10.32
102,Клієнт 102,2024-09-30,Фарба акрилова інтерʼєрна,Фарби,7,930.94,6516.58
106,Клієнт 106,2024-04-18,Фарба фасадна силіконова,Фарби,9,1098.27,9884.43
37,Клієнт 037,2024-06-21,Гіпсокартон стельовий,Листові матеріали,19,203.61,3868.59
110,Клієнт 110,2024-09-05,Блок газобетонний,Кладочні матеріали,2,90.9,181.8
81,Клієнт 081,2024-08-23,Цемент М400,Суміші,4,163.41,653.64
21,Клієнт 021,2024-08-13,Фарба фасадна силіконова,Фарби,1,1208.65,1208.65
55,Клієнт 055,2024-04-13,Дюбель універсальний,Кріплення,5,1.3,6.5
39,Клієнт 039,2024-03-22,Цегла керамічна,Кладочні матеріали,3,12.58,37.74
33,Клієнт 033,2024-02-12,Блок газобетонний,Кладочні матеріали,6,90.99,545.94
81,Клієнт 081,2024-06-05,Дюбель універсальний,Кріплення,8,1.22,9.76
12,Клієнт 012,2024-12-26,Цемент М500,Суміші,1,176.76,176.76
10,Клієнт 010,2024-03-08,Гіпсокартон стіновий,Листові матеріали,8,246.7,1973.6
57,Клієнт 057,2024-01-05,Цемент М400,Суміші,11,160.88,1769.68
111,Клієнт 111,2024-08-04,Дюбель універсальний,Кріплення,5,1.23,6.15
30,Клієнт 030,2024-07-15,Цемент М500,Суміші,4,173.79,695.16
48,Клієнт 048,2024-06-02,Пісок будівельний,Сипучі матеріали,13,74.62,970.06
97,Клієнт 097,2024-03-09,Саморізи по металу,Кріплення,5,0.77,3.85
73,Клієнт 073,2024-01-05,Гіпсокартон стіновий,Листові матеріали,6,243.84,1463.04
93,Клієнт 093,2024-04-19,Саморізи по металу,Кріплення,5,0.87,4.35
79,Клієнт 079,2024-12-17,Фарба фасадна силіконова,Фарби,7,1059.3,7415.1
13,Клієнт 013,2024-03-12,Цемент М500,Суміші,19,190.71,3623.49
45,Клієнт 045,2024-08-07,Блок газобетонний,Кладочні матеріали,5,93.78,468.9
83,Клієнт 083,2024-02-13,Щебінь фракція 5-20,Сипучі матеріали,18,93.61,1684.98
93,Клієнт 093,2024-11-07,Цегла керамічна,Кладочні матеріали,1,12.93,12.93
85,Клієнт 085,2024-06-03,Щебінь фракція 5-20,Сипучі матеріали,17,93.69,1592.73
25,Клієнт 025,2024-07-19,Цегла керамічна,Кладочні матеріали,2,12.81,25.62
102,Клієнт 102,2024-05-02,Фарба фасадна силіконова,Фарби,13,1063.6,13826.8
64,Клієнт 064,2024-11-22,Гіпсокартон стіновий,Листові матеріали,3,247.02,741.06
2,Клієнт 002,2024-07-03,Блок газобетонний,Кладочні матеріали,5,95.76,478.8
108,Клієнт 108,2024-10-18,Фарба акрилова інтерʼєрна,Фарби,12,877.16,10525.92
23,Клієнт 023,2024-08-29,Цемент М500,Суміші,1,186.86,186.86
2,Клієнт 002,2024-05-14,Щебінь фракція 5-20,Сипучі матеріали,2,97.95,195.9
102,Клієнт 102,2024-07-22,Гіпсокартон стельовий,Листові матеріали,10,219.3,2193.0
65,Клієнт 065,2024-07-31,Фарба акрилова інтерʼєрна,Фарби,13,818.01,10634.13
69,Клієнт 069,2024-10-02,Гіпсокартон стіновий,Листові матеріали,5,237.99,1189.95
40,Клієнт 040,2024-02-10,Гіпсокартон стельовий,Листові матеріали,7,230.19,1611.33
20,Клієнт 020,2024-10-01,Блок газобетонний,Кладочні матеріали,13,98.61,1281.93
98,Клієнт 098,2024-11-28,Саморізи по металу,Кріплення,3,0.8,2.4
56,Клієнт 056,2024-05-02,Цемент М400,Суміші,8,144.44,1155.52
56,Клієнт 056,2024-02-29,Фарба фасадна силіконова,Фарби,20,1145.46,22909.2
40,Клієнт 040,2024-12-07,Дюбель універсальний,Кріплення,6,1.16,6.96
91,Клієнт 091,2024-03-11,Дюбель універсальний,Кріплення,1,1.17,1.17
45,Клієнт 045,2024-09-24,Гіпсокартон стельовий,Листові матеріали,9,204.76,1842.84
17,Клієнт 017,2024-05-17,Дюбель універсальний,Кріплення,4,1.28,5.12
4,Клієнт 004,2024-06-20,Фарба акрилова інтерʼєрна,Фарби,9,874.29,7868.61
34,Клієнт 034,2024-12-30,Гіпсокартон стіновий,Листові матеріали,3,245.86,737.58
66,Клієнт 066,2024-07-03,Цемент М400,Суміші,16,161.84,2589.44
22,Клієнт 022,2024-07-07,Пісок будівельний,Сипучі матеріали,9,74.62,671.58
115,Клієнт 115,2024-10-20,Саморізи по металу,Кріплення,4,0.79,3.16
66,Клієнт 066,2024-01-02,Цемент М400,Суміші,1,148.0,148.0
61,Клієнт 061,2024-07-05,Фарба акрилова інтерʼєрна,Фарби,5,830.32,4151.6
110,Клієнт 110,2024-01-19,Гіпсокартон стельовий,Листові матеріали,14,206.57,2891.98
32,Клієнт 032,2024-08-01,Дюбель універсальний,Кріплення,11,1.19,13.09
10,Клієнт 010,2024-10-19,Блок газобетонний,Кладочні матеріали,4,97.4,389.6
116,Клієнт 116,2024-01-27,Пісок будівельний,Сипучі матеріали,8,74.95,599.6
6,Клієнт 006,2024-07-24,Цемент М500,Суміші,15,194.38,2915.7
100,Клієнт 100,2024-06-08,Блок газобетонний,Кладочні матеріали,3,98.13,294.39
2,Клієнт 002,2024-07-07,Щебінь фракція 5-20,Сипучі матеріали,10,93.11,931.1
39,Клієнт 039,2024-11-14,Щебінь фракція 5-20,Сипучі матеріали,15,90.47,1357.05
64,Клієнт 064,2024-04-10,Дюбель універсальний,Кріплення,18,1.28,23.04
32,Клієнт 032,2024-03-18,Цемент М400,Суміші,14,143.04,2002.56
70,Клієнт 070,2024-06-26,Саморізи по металу,Кріплення,1,0.87,0.87
1,Клієнт 001,2024-12-02,Фарба акрилова інтерʼєрна,Фарби,10,820.75,8207.5
68,Клієнт 068,2024-05-01,Фарба акрилова інтерʼєрна,Фарби,16,930.05,14880.8
19,Клієнт 019,2024-12-30,Цегла керамічна,Кладочні матеріали,3,11.48,34.44
30,Клієнт 030,2024-09-23,Фарба акрилова інтерʼєрна,Фарби,12,865.95,10391.4
96,Клієнт 096,2024-02-13,Гіпсокартон стіновий,Листові матеріали,4,246.2,984.8
82,Клієнт 082,2024-07-20,Цемент М500,Суміші,19,186.33,3540.27
56,Клієнт 056,2024-12-05,Пісок будівельний,Сипучі матеріали,8,69.56,556.48
109,Клієнт 109,2024-06-10,Фарба акрилова інтерʼєрна,Фарби,11,848.05,9328.55
35,Клієнт 035,2024-04-29,Цемент М500,Суміші,7,174.68,1222.76
99,Клієнт 099,2024-10-26,Цемент М500,Суміші,5,173.85,869.25
58,Клієнт 058,2024-08-26,Блок газобетонний,Кладочні матеріали,14,91.97,1287.58
46,Клієнт 046,2024-04-16,Фарба фасадна силіконова,Фарби,10,1121.45,11214.5
110,Клієнт 110,2024-03-02,Цемент М500,Суміші,6,192.81,1156.86
39,Клієнт 039,2024-12-26,Дюбель універсальний,Кріплення,20,1.15,23.0
107,Клієнт 107,2024-06-16,Пісок будівельний,Сипучі матеріали,3,73.97,221.91
46,Клієнт 046,2024-07-21,Гіпсокартон стельовий,Листові матеріали,2,220.83,441.66
34,Клієнт 034,2024-03-30,Цемент М400,Суміші,13,161.73,2102.49
72,Клієнт 072,2024-10-08,Щебінь фракція 5-20,Сипучі матеріали,4,91.74,366.96
103,Клієнт 103,2024-03-12,Цемент М500,Суміші,1,172.67,172.67
100,Клієнт 100,2024-04-23,Пісок будівельний,Сипучі матеріали,7,75.15,526.05
48,Клієнт 048,2024-12-17,Саморізи по металу,Кріплення,3,0.83,2.49
34,Клієнт 034,2024-02-08,Цемент М400,Суміші,3,146.95,440.85
83,Клієнт 083,2024-08-15,Пісок будівельний,Сипучі матеріали,3,76.0,228.0
107,Клієнт 107,2024-06-18,Цемент М500,Суміші,2,196.44,392.88
7,Клієнт 007,2024-03-27,Гіпсокартон стіновий,Листові матеріали,14,257.58,3606.12
51,Клієнт 051,2024-09-11,Цемент М400,Суміші,13,157.87,2052.31
23,Клієнт 023,2024-06-30,Щебінь фракція 5-20,Сипучі матеріали,6,89.21,535.26
58,Клієнт 058,2024-03-17,Цемент М400,Суміші,20,156.43,3128.6
32,Клієнт 032,2024-11-27,Цегла керамічна,Кладочні матеріали,16,12.14,194.24
71,Клієнт 071,2024-09-02,Цемент М400,Суміші,3,148.79,446.37
18,Клієнт 018,2024-08-02,Щебінь фракція 5-20,Сипучі матеріали,17,88.86,1510.62
103,Клієнт 103,2024-10-05,Цемент М400,Суміші,13,160.09,2081.17
46,Клієнт 046,2024-09-02,Гіпсокартон стельовий,Листові матеріали,16,210.34,3365.44
73,Клієнт 073,2024-09-14,Блок газобетонний,Кладочні матеріали,13,94.1,1223.3
4,Клієнт 004,2024-06-12,Гіпсокартон стіновий,Листові матеріали,8,229.05,1832.4
104,Клієнт 104,2024-05-23,Цемент М400,Суміші,16,154.41,2470.56
99,Клієнт 099,2024-10-26,Щебінь фракція 5-20,Сипучі матеріали,6,86.85,521.1
85,Клієнт 085,2024-05-03,Цегла керамічна,Кладочні матеріали,18,12.87,231.66
118,Клієнт 118,2024-01-29,Щебінь фракція 5-20,Сипучі матеріали,19,96.93,1841.67
103,Клієнт 103,2024-07-17,Блок газобетонний,Кладочні матеріали,6,92.76,556.56
76,Клієнт 076,2024-06-11,Дюбель універсальний,Кріплення,12,1.3,15.6
4,Клієнт 004,2024-12-26,Дюбель універсальний,Кріплення,12,1.31,15.72
73,Клієнт 073,2024-03-13,Гіпсокартон стіновий,Листові матеріали,7,258.12,1806.84
104,Клієнт 104,2024-09-09,Гіпсокартон стельовий,Листові матеріали,10,205.03,2050.3
5,Клієнт 005,2024-02-16,Цемент М400,Суміші,8,156.04,1248.32
3,Клієнт 003,2024-09-26,Фарба фасадна силіконова,Фарби,1,1099.74,1099.74
79,Клієнт 079,2024-04-13,Пісок будівельний,Сипучі матеріали,11,74.03,814.33
118,Клієнт 118,2024-06-14,Цемент М400,Суміші,1,145.82,145.82
91,Клієнт 091,2024-03-13,Цемент М500,Суміші,17,194.24,3302.08
10,Клієнт 010,2024-07-10,Дюбель універсальний,Кріплення,13,1.25,16.25
44,Клієнт 044,2024-06-03,Блок газобетонний,Кладочні матеріали,5,104.16,520.8
94,Клієнт 094,2024-08-11,Саморізи по металу,Кріплення,16,0.84,13.44
23,Клієнт 023,2024-12-28,Гіпсокартон стельовий,Листові матеріали,20,224.29,4485.8
29,Клієнт 029,2024-12-06,Гіпсокартон стіновий,Листові матеріали,6,241.62,1449.72
94,Клієнт 094,2024-12-18,Цегла керамічна,Кладочні матеріали,5,11.72,58.6
1,Клієнт 001,2024-12-25,Гіпсокартон стіновий,Листові матеріали,13,258.63,3362.19
99,Клієнт 099,2024-10-17,Цемент М400,Суміші,6,156.05,936.3
118,Клієнт 118,2024-11-09,Щебінь фракція 5-20,Сипучі матеріали,19,86.91,1651.29
64,Клієнт 064,2024-03-13,Блок газобетонний,Кладочні матеріали,3,93.64,280.92
41,Клієнт 041,2024-03-26,Саморізи по металу,Кріплення,3,0.86,2.58
86,Клієнт 086,2024-11-23,Дюбель універсальний,Кріплення,11,1.22,13.42
34,Клієнт 034,2024-04-17,Щебінь фракція 5-20,Сипучі матеріали,3,90.23,270.69
101,Клієнт 101,2024-02-25,Дюбель універсальний,Кріплення,1,1.15,1.15
57,Клієнт 057,2024-08-02,Пісок будівельний,Сипучі матеріали,14,71.68,1003.52
49,Клієнт 049,2024-06-28,Гіпсокартон стельовий,Листові матеріали,13,202.69,2634.97
62,Клієнт 062,2024-10-22,Саморізи по металу,Кріплення,8,0.78,6.24
10,Клієнт 010,2024-01-18,Цегла керамічна,Кладочні матеріали,1,11.97,11.97
14,Клієнт 014,2024-02-07,Блок газобетонний,Кладочні матеріали,6,102.9,617.4
21,Клієнт 021,2024-02-08,Гіпсокартон стельовий,Листові матеріали,3,210.15,630.45
79,Клієнт 079,2024-09-04,Дюбель універсальний,Кріплення,1,1.22,1.22
84,Клієнт 084,2024-03-25,Гіпсокартон стіновий,Листові матеріали,14,233.66,3271.24
13,Клієнт 013,2024-06-18,Щебінь фракція 5-20,Сипучі матеріали,7,91.03,637.21
71,Клієнт 071,2024-10-03,Цегла керамічна,Кладочні матеріали,10,11.94,119.4
13,Клієнт 013,2024-01-26,Фарба акрилова інтерʼєрна,Фарби,19,877.58,16674.02
63,Клієнт 063,2024-03-19,Цемент М400,Суміші,12,142.59,1711.08
12,Клієнт 012,2024-05-30,Саморізи по металу,Кріплення,20,0.82,16.4
13,Клієнт 013,2024-01-14,Щебінь фракція 5-20,Сипучі матеріали,6,94.12,564.72
11,Клієнт 011,2024-08-30,Цемент М500,Суміші,10,192.19,1921.9
61,Клієнт 061,2024-09-07,Саморізи по металу,Кріплення,9,0.77,6.93
70,Клієнт 070,2024-07-17,Пісок будівельний,Сипучі матеріали,12,75.8,909.6
48,Клієнт 048,2024-04-05,Фарба фасадна силіконова,Фарби,2,1088.44,2176.88
60,Клієнт 060,2024-05-14,Щебінь фракція 5-20,Сипучі матеріали,9,93.12,838.08
20,Клієнт 020,2024-12-22,Саморізи по металу,Кріплення,4,0.77,3.08
45,Клієнт 045,2024-10-04,Фарба акрилова інтерʼєрна,Фарби,19,836.51,15893.69
8,Клієнт 008,2024-07-17,Гіпсокартон стельовий,Листові матеріали,14,229.92,3218.88
88,Клієнт 088,2024-08-31,Гіпсокартон стіновий,Листові матеріали,8,245.15,1961.2
11,Клієнт 011,2024-07-21,Дюбель універсальний,Кріплення,2,1.23,2.46
116,Клієнт 116,2024-09-21,Гіпсокартон стіновий,Листові матеріали,20,233.31,4666.2
97,Клієнт 097,2024-08-17,Пісок будівельний,Сипучі матеріали,6,76.71,460.26
104,Клієнт 104,2024-04-08,Пісок будівельний,Сипучі матеріали,2,70.95,141.9
88,Клієнт 088,2024-08-10,Щебінь фракція 5-20,Сипучі матеріали,5,96.76,483.8
34,Клієнт 034,2024-06-12,Дюбель універсальний,Кріплення,3,1.16,3.48
72,Клієнт 072,2024-07-22,Гіпсокартон стельовий,Листові матеріали,11,226.48,2491.28
67,Клієнт 067,2024-08-22,Цемент М400,Суміші,20,155.72,3114.4
101,Клієнт 101,2024-08-02,Цемент М500,Суміші,14,175.04,2450.56
73,Клієнт 073,2024-10-28,Гіпсокартон стіновий,Листові матеріали,4,261.3,1045.2
73,Клієнт 073,2024-02-21,Цегла керамічна,Кладочні матеріали,18,12.98,233.64
113,Клієнт 113,2024-07-29,Цегла керамічна,Кладочні матеріали,13,12.58,163.54
74,Клієнт 074,2024-11-07,Фарба фасадна силіконова,Фарби,2,1073.41,2146.82
52,Клієнт 052,2024-03-14,Гіпсокартон стіновий,Листові матеріали,20,252.51,5050.2
52,Клієнт 052,2024-01-20,Фарба акрилова інтерʼєрна,Фарби,11,895.54,9850.94
7,Клієнт 007,2024-08-31,Цегла керамічна,Кладочні матеріали,12,11.44,137.28
105,Клієнт 105,2024-06-04,Цегла керамічна,Кладочні матеріали,9,12.92,116.28
110,Клієнт 110,2024-12-22,Саморізи по металу,Кріплення,4,0.88,3.52
30,Клієнт 030,2024-03-09,Цегла керамічна,Кладочні матеріали,15,12.79,191.85
42,Клієнт 042,2024-05-17,Дюбель універсальний,Кріплення,14,1.25,17.5
12,Клієнт 012,2024-04-06,Фарба фасадна силіконова,Фарби,7,1195.72,8370.04
53,Клієнт 053,2024-09-05,Гіпсокартон стельовий,Листові матеріали,12,225.36,2704.32
66,Клієнт 066,2024-03-22,Цемент М500,Суміші,10,190.16,1901.6
52,Клієнт 052,2024-03-10,Гіпсокартон стельовий,Листові матеріали,19,200.41,3807.79
25,Клієнт 025,2024-04-12,Цемент М400,Суміші,8,143.24,1145.92
7,Клієнт 007,2024-07-03,Дюбель універсальний,Кріплення,7,1.19,8.33
106,Клієнт 106,2024-08-25,Гіпсокартон стельовий,Листові матеріали,13,219.52,2853.76
16,Клієнт 016,2024-12-14,Цемент М400,Суміші,8,150.88,1207.04
77,Клієнт 077,2024-08-16,Пісок будівельний,Сипучі матеріали,16,72.66,1162.56
45,Клієнт 045,2024-06-25,Пісок будівельний,Сипучі матеріали,9,74.36,669.24
89,Клієнт 089,2024-02-16,Цегла керамічна,Кладочні матеріали,1,12.1,12.1
21,Клієнт 021,2024-10-19,Щебінь фракція 5-20,Сипучі матеріали,8,94.24,753.92
87,Клієнт 087,2024-04-15,Цегла керамічна,Кладочні матеріали,14,12.32,172.48
111,Клієнт 111,2024-12-15,Цемент М400,Суміші,16,163.01,2608.16
83,Клієнт 083,2024-03-29,Гіпсокартон стіновий,Листові матеріали,1,236.06,236.06
78,Клієнт 078,2024-06-05,Дюбель універсальний,Кріплення,9,1.22,10.98
49,Клієнт 049,2024-06-27,Фарба фасадна силіконова,Фарби,9,1081.0,9729.0
39,Клієнт 039,2024-12-12,Гіпсокартон стельовий,Листові матеріали,20,212.01,4240.2
14,Клієнт 014,2024-01-04,Гіпсокартон стельовий,Листові матеріали,12,217.19,2606.28
77,Клієнт 077,2024-11-07,Цегла керамічна,Кладочні матеріали,10,12.63,126.3
62,Клієнт 062,2024-02-02,Блок газобетонний,Кладочні матеріали,9,99.38,894.42
111,Клієнт 111,2024-05-21,Цегла керамічна,Кладочні матеріали,10,11.74,117.4
67,Клієнт 067,2024-05-03,Цемент М400,Суміші,20,151.59,3031.8
41,Клієнт 041,2024-12-14,Пісок будівельний,Сипучі матеріали,1,73.38,73.38
38,Клієнт 038,2024-05-12,Фарба акрилова інтерʼєрна,Фарби,13,857.01,11141.13
5,Клієнт 005,2024-10-25,Дюбель універсальний,Кріплення,19,1.29,24.51
44,Клієнт 044,2024-12-31,Щебінь фракція 5-20,Сипучі матеріали,18,94.12,1694.16
61,Клієнт 061,2024-12-09,Блок газобетонний,Кладочні матеріали,17,94.53,1607.01
22,Клієнт 022,2024-12-02,Гіпсокартон стельовий,Листові матеріали,6,208.75,1252.5
61,Клієнт 061,2024-03-06,Дюбель універсальний,Кріплення,9,1.27,11.43
72,Клієнт 072,2024-04-03,Саморізи по металу,Кріплення,11,0.84,9.24
29,Клієнт 029,2024-06-30,Щебінь фракція 5-20,Сипучі матеріали,10,91.18,911.8
114,Клієнт 114,2024-06-18,Блок газобетонний,Кладочні матеріали,9,98.59,887.31
60,Клієнт 060,2024-03-01,Фарба фасадна силіконова,Фарби,2,1187.95,2375.9
75,Клієнт 075,2024-10-24,Гіпсокартон стіновий,Листові матеріали,3,245.0,735.0
25,Клієнт 025,2024-09-13,Цемент М500,Суміші,13,185.31,2409.03
53,Клієнт 053,2024-01-28,Пісок будівельний,Сипучі матеріали,5,76.92,384.6
44,Клієнт 044,2024-07-28,Гіпсокартон стіновий,Листові матеріали,15,233.16,3497.4
111,Клієнт 111,2024-04-02,Цемент М500,Суміші,16,179.98,2879.68
23,Клієнт 023,2024-06-09,Саморізи по металу,Кріплення,2,0.76,1.52
36,Клієнт 036,2024-04-17,Пісок будівельний,Сипучі матеріали,19,74.53,1416.07
63,Клієнт 063,2024-02-15,Пісок будівельний,Сипучі матеріали,20,71.05,1421.0
55,Клієнт 055,2024-07-25,Фарба акрилова інтерʼєрна,Фарби,16,856.37,13701.92
5,Клієнт 005,2024-09-30,Щебінь фракція 5-20,Сипучі матеріали,12,98.33,1179.96
115,Клієнт 115,2024-06-13,Гіпсокартон стельовий,Листові матеріали,7,200.06,1400.42
1,Клієнт 001,2024-11-16,Дюбель універсальний,Кріплення,8,1.18,9.44
113,Клієнт 113,2024-06-25,Цегла керамічна,Кладочні матеріали,5,11.58,57.9
65,Клієнт 065,2024-10-28,Цегла керамічна,Кладочні матеріали,6,11.52,69.12
6,Клієнт 006,2024-06-01,Цегла керамічна,Кладочні матеріали,15,12.71,190.65
77,Клієнт 077,2024-09-25,Блок газобетонний,Кладочні матеріали,14,102.9,1440.6
18,Клієнт 018,2024-06-24,Фарба фасадна силіконова,Фарби,12,1168.77,14025.24
22,Клієнт 022,2024-07-25,Цемент М400,Суміші,8,147.55,1180.4
17,Клієнт 017,2024-04-18,Дюбель універсальний,Кріплення,1,1.25,1.25
22,Клієнт 022,2024-03-04,Блок газобетонний,Кладочні матеріали,2,95.6,191.2
82,Клієнт 082,2024-05-10,Гіпсокартон стельовий,Листові матеріали,20,201.03,4020.6
7,Клієнт 007,2024-12-04,Цемент М500,Суміші,1,172.3,172.3
15,Клієнт 015,2024-08-01,Фарба фасадна силіконова,Фарби,13,1065.39,13850.07
33,Клієнт 033,2024-08-30,Дюбель універсальний,Кріплення,5,1.18,5.9
88,Клієнт 088,2024-11-18,Цемент М400,Суміші,10,151.97,1519.7
13,Клієнт 013,2024-12-05,Гіпсокартон стельовий,Листові матеріали,9,219.12,1972.08
90,Клієнт 090,2024-03-11,Фарба акрилова інтерʼєрна,Фарби,4,872.73,3490.92
80,Клієнт 080,2024-03-01,Цегла керамічна,Кладочні матеріали,4,12.81,51.24
64,Клієнт 064,2024-04-11,Гіпсокартон стіновий,Листові матеріали,7,256.01,1792.07
107,Клієнт 107,2024-09-24,Щебінь фракція 5-20,Сипучі матеріали,12,95.0,1140.0
38,Клієнт 038,2024-03-23,Цемент М400,Суміші,18,153.67,2766.06
27,Клієнт 027,2024-12-18,Фарба фасадна силіконова,Фарби,11,1083.69,11920.59
2,Клієнт 002,2024-12-09,Цемент М500,Суміші,4,193.55,774.2
86,Клієнт 086,2024-09-09,Пісок будівельний,Сипучі матеріали,3,74.69,224.07
10,Клієнт 010,2024-02-21,Цегла керамічна,Кладочні матеріали,8,12.22,97.76
38,Клієнт 038,2024-05-15,Фарба фасадна силіконова,Фарби,2,1061.47,2122.94
23,Клієнт 023,2024-01-21,Цегла керамічна,Кладочні матеріали,12,12.84,154.08
41,Клієнт 041,2024-08-06,Дюбель універсальний,Кріплення,4,1.16,4.64
98,Клієнт 098,2024-01-24,Цемент М400,Суміші,5,157.43,787.15
22,Клієнт 022,2024-06-17,Блок газобетонний,Кладочні матеріали,15,103.86,1557.9
35,Клієнт 035,2024-02-17,Блок газобетонний,Кладочні матеріали,11,92.86,1021.46
52,Клієнт 052,2024-07-23,Фарба фасадна силіконова,Фарби,9,1182.89,10646.01
89,Клієнт 089,2024-09-01,Фарба акрилова інтерʼєрна,Фарби,6,821.91,4931.46
90,Клієнт 090,2024-01-31,Пісок будівельний,Сипучі матеріали,4,70.87,283.48
76,Клієнт 076,2024-09-04,Гіпсокартон стіновий,Листові матеріали,15,234.53,3517.95
49,Клієнт 049,2024-07-02,Гіпсокартон стіновий,Листові матеріали,1,259.05,259.05
113,Клієнт 113,2024-03-07,Фарба фасадна силіконова,Фарби,16,1063.63,17018.08
53,Клієнт 053,2024-08-13,Цемент М400,Суміші,3,148.39,445.17
41,Клієнт 041,2024-01-07,Дюбель універсальний,Кріплення,17,1.28,21.76
74,Клієнт 074,2024-10-16,Щебінь фракція 5-20,Сипучі матеріали,11,92.51,1017.61
89,Клієнт 089,2024-12-24,Гіпсокартон стіновий,Листові матеріали,4,243.58,974.32
94,Клієнт 094,2024-05-07,Фарба фасадна силіконова,Фарби,12,1154.51,13854.12
83,Клієнт 083,2024-07-16,Пісок будівельний,Сипучі матеріали,18,75.87,1365.66
79,Клієнт 079,2024-01-28,Цемент М400,Суміші,6,153.88,923.28
61,Клієнт 061,2024-09-10,Пісок будівельний,Сипучі матеріали,3,74.39,223.17
42,Клієнт 042,2024-05-03,Блок газобетонний,Кладочні матеріали,9,90.97,818.73
29,Клієнт 029,2024-10-08,Саморізи по металу,Кріплення,13,0.81,10.53
31,Клієнт 031,2024-02-10,Фарба фасадна силіконова,Фарби,15,1177.21,17658.15
58,Клієнт 058,2024-02-15,Фарба фасадна силіконова,Фарби,15,1097.15,16457.25
64,Клієнт 064,2024-11-30,Цемент М400,Суміші,4,151.58,606.32
5,Клієнт 005,2024-10-12,Гіпсокартон стельовий,Листові матеріали,1,225.52,225.52
102,Клієнт 102,2024-11-05,Гіпсокартон стіновий,Листові матеріали,10,260.04,2600.4
72,Клієнт 072,2024-04-15,Саморізи по металу,Кріплення,15,0.87,13.05
47,Клієнт 047,2024-01-28,Щебінь фракція 5-20,Сипучі матеріали,15,89.98,1349.7
99,Клієнт 099,2024-11-13,Гіпсокартон стіновий,Листові матеріали,16,253.8,4060.8
47,Клієнт 047,2024-08-19,Цемент М500,Суміші,4,191.5,766.0
29,Клієнт 029,2024-01-02,Блок газобетонний,Кладочні матеріали,12,102.08,1224.96
103,Клієнт 103,2024-05-29,Гіпсокартон стельовий,Листові матеріали,17,211.28,3591.76
14,Клієнт 014,2024-01-24,Пісок будівельний,Сипучі матеріали,16,67.97,1087.52
92,Клієнт 092,2024-07-28,Цемент М500,Суміші,9,187.49,1687.41
25,Клієнт 025,2024-03-02,Фарба акрилова інтерʼєрна,Фарби,7,865.77,6060.39
101,Клієнт 101,2024-04-07,Дюбель універсальний,Кріплення,11,1.16,12.76
54,Клієнт 054,2024-01-24,Саморізи по металу,Кріплення,19,0.77,14.63
115,Клієнт 115,2024-08-18,Фарба фасадна силіконова,Фарби,19,1202.77,22852.63
18,Клієнт 018,2024-09-12,Цемент М400,Суміші,17,159.06,2704.02
71,Клієнт 071,2024-08-09,Гіпсокартон стіновий,Листові матеріали,16,261.28,4180.48
100,Клієнт 100,2024-03-31,Дюбель універсальний,Кріплення,19,1.17,22.23
105,Клієнт 105,2024-03-06,Цемент М500,Суміші,13,188.75,2453.75
78,Клієнт 078,2024-06-13,Гіпсокартон стельовий,Листові матеріали,13,212.69,2764.97
78,Клієнт 078,2024-12-20,Щебінь фракція 5-20,Сипучі матеріали,9,90.87,817.83
44,Клієнт 044,2024-05-30,Фарба фасадна силіконова,Фарби,5,1067.8,5339.0
78,Клієнт 078,2024-12-24,Дюбель універсальний,Кріплення,17,1.19,20.23
90,Клієнт 090,2024-10-07,Блок газобетонний,Кладочні матеріали,18,99.26,1786.68
26,Клієнт 026,2024-04-17,Гіпсокартон стіновий,Листові матеріали,10,252.72,2527.2
118,Клієнт 118,2024-12-10,Пісок будівельний,Сипучі матеріали,6,71.79,430.74
89,Клієнт 089,2024-11-22,Блок газобетонний,Кладочні матеріали,4,101.09,404.36
72,Клієнт 072,2024-09-02,Гіпсокартон стіновий,Листові матеріали,19,261.94,4976.86
91,Клієнт 091,2024-08-01,Саморізи по металу,Кріплення,18,0.79,14.22
109,Клієнт 109,2024-08-04,Цемент М400,Суміші,17,144.9,2463.3
49,Клієнт 049,2024-03-15,Цемент М400,Суміші,2,147.0,294.0
97,Клієнт 097,2024-03-23,Цегла керамічна,Кладочні матеріали,9,11.66,104.94
8,Клієнт 008,2024-12-19,Цегла керамічна,Кладочні матеріали,7,12.76,89.32
5,Клієнт 005,2024-07-02,Фарба фасадна силіконова,Фарби,4,1146.66,4586.64
87,Клієнт 087,2024-10-14,Щебінь фракція 5-20,Сипучі матеріали,18,90.75,1633.5
66,Клієнт 066,2024-12-22,Цегла керамічна,Кладочні матеріали,2,13.07,26.14
50,Клієнт 050,2024-08-01,Саморізи по металу,Кріплення,11,0.88,9.68
7,Клієнт 007,2024-01-07,Дюбель універсальний,Кріплення,9,1.18,10.62
112,Клієнт 112,2024-08-14,Щебінь фракція 5-20,Сипучі матеріали,12,95.69,1148.28
70,Клієнт 070,2024-11-04,Щебінь фракція 5-20,Сипучі матеріали,7,89.47,626.29
23,Клієнт 023,2024-12-15,Цемент М500,Суміші,6,196.99,1181.94
95,Клієнт 095,2024-09-20,Цемент М500,Суміші,13,172.1,2237.3
36,Клієнт 036,2024-10-11,Цегла керамічна,Кладочні матеріали,5,11.69,58.45
109,Клієнт 109,2024-05-10,Цемент М400,Суміші,11,152.99,1682.89
120,Клієнт 120,2024-03-20,Цемент М400,Суміші,5,163.39,816.95
77,Клієнт 077,2024-01-27,Саморізи по металу,Кріплення,20,0.86,17.2
39,Клієнт 039,2024-09-08,Гіпсокартон стіновий,Листові матеріали,18,240.89,4336.02
101,Клієнт 101,2024-12-28,Блок газобетонний,Кладочні матеріали,17,93.38,1587.46
24,Клієнт 024,2024-09-23,Цемент М500,Суміші,17,175.3,2980.1
70,Клієнт 070,2024-10-01,Фарба акрилова інтерʼєрна,Фарби,3,852.05,2556.15
114,Клієнт 114,2024-04-19,Саморізи по металу,Кріплення,11,0.8,8.8
38,Клієнт 038,2024-04-21,Гіпсокартон стіновий,Листові матеріали,17,245.09,4166.53
72,Клієнт 072,2024-11-28,Цемент М400,Суміші,4,157.55,630.2
58,Клієнт 058,2024-05-03,Саморізи по металу,Кріплення,20,0.87,17.4
32,Клієнт 032,2024-01-21,Саморізи по металу,Кріплення,11,0.81,8.91
102,Клієнт 102,2024-02-28,Фарба акрилова інтерʼєрна,Фарби,9,876.38,7887.42
37,Клієнт 037,2024-01-13,Гіпсокартон стельовий,Листові матеріали,12,215.7,2588.4
